ni,no,sl,n,R,sqn,p1,p2,p3
75,38,1.5,149,0.16,0.33,-0.955,-0.19,2.522
75,38,1.75,135,0.168,0.38,-0.855,-0.171,2.25
75,38,2.0,117,0.335,0.77,-0.718,0.083,2.012
75,38,2.25,106,0.43,1.03,-0.533,0.219,1.719
75,38,2.5,100,0.423,1.09,-0.484,0.168,1.679
75,44,1.5,146,0.257,0.44,-0.998,0.12,2.704
75,44,1.75,132,0.259,0.49,-0.905,0.133,2.431
75,44,2.0,111,0.745,1.04,-0.488,0.9,2.185
75,44,2.25,100,0.914,1.21,-0.269,1.236,1.875
75,44,2.5,94,0.893,1.24,-0.219,1.111,1.845
75,50,1.5,139,0.452,0.73,-0.785,0.033,3.387
75,50,1.75,126,0.425,0.76,-0.744,0.051,3.078
75,50,2.0,106,0.951,1.26,-0.132,0.765,2.617
75,50,2.25,95,1.124,1.42,0.128,1.088,2.258
75,50,2.5,90,1.066,1.42,0.115,0.968,2.229
75,56,1.5,138,0.371,0.64,-0.785,0.033,3.121
75,56,1.75,125,0.336,0.64,-0.771,0.051,2.84
75,56,2.0,105,0.864,1.18,-0.165,0.765,2.407
75,56,2.25,94,1.041,1.33,0.092,1.088,2.07
75,56,2.5,88,1.018,1.35,0.081,0.968,2.195
75,63,1.5,136,0.4,0.66,-0.785,0.033,3.445
75,63,1.75,123,0.365,0.66,-0.771,0.051,3.155
75,63,2.0,103,0.907,1.2,-0.165,0.765,2.682
75,63,2.25,92,1.09,1.35,0.092,1.088,2.313
75,63,2.5,86,1.068,1.37,0.081,0.968,2.472
88,38,1.5,139,0.212,0.42,-0.95,-0.134,2.497
88,38,1.75,127,0.214,0.47,-0.841,-0.106,2.145
88,38,2.0,109,0.404,0.9,-0.682,0.178,1.913
88,38,2.25,101,0.468,1.1,-0.517,0.339,1.628
88,38,2.5,93,0.495,1.2,-0.463,0.287,1.756
88,44,1.5,136,0.323,0.54,-0.997,0.198,2.701
88,44,1.75,124,0.316,0.58,-0.895,0.222,2.335
88,44,2.0,103,0.854,1.15,-0.418,1.07,2.095
88,44,2.25,95,0.982,1.24,-0.239,1.462,1.792
88,44,2.5,87,1.007,1.3,-0.18,1.332,1.943
88,50,1.5,132,0.382,0.64,-0.761,0.106,2.556
88,50,1.75,121,0.347,0.65,-0.718,0.137,2.202
88,50,2.0,100,0.935,1.24,-0.007,0.928,1.971
88,50,2.25,90,1.178,1.43,0.186,1.307,2.079
88,50,2.5,83,1.172,1.45,0.178,1.181,2.271
88,56,1.5,130,0.313,0.55,-0.761,0.106,2.411
88,56,1.75,119,0.271,0.53,-0.748,0.137,2.08
88,56,2.0,98,0.867,1.16,-0.044,0.928,1.864
88,56,2.25,88,1.117,1.35,0.148,1.307,1.993
88,56,2.5,81,1.119,1.39,0.142,1.181,2.228
88,63,1.5,128,0.355,0.59,-0.761,0.106,2.73
88,63,1.75,117,0.312,0.58,-0.748,0.137,2.368
88,63,2.0,96,0.923,1.18,-0.044,0.928,2.127
88,63,2.25,86,1.176,1.37,0.148,1.307,2.254
88,63,2.5,79,1.181,1.4,0.142,1.181,2.55
100,38,1.5,132,0.286,0.55,-0.936,-0.063,2.598
100,38,1.75,120,0.298,0.64,-0.804,-0.026,2.239
100,38,2.0,103,0.497,1.08,-0.632,0.256,2.003
100,38,2.25,95,0.568,1.27,-0.456,0.435,1.71
100,38,2.5,88,0.584,1.34,-0.395,0.327,1.854
100,44,1.5,129,0.404,0.66,-0.985,0.295,2.815
100,44,1.75,117,0.409,0.74,-0.862,0.332,2.441
100,44,2.0,97,0.98,1.27,-0.34,1.205,2.196
100,44,2.25,89,1.124,1.33,-0.143,1.642,1.884
100,44,2.5,82,1.134,1.38,-0.074,1.411,2.055
100,50,1.5,125,0.469,0.77,-0.734,0.199,2.665
100,50,1.75,114,0.444,0.81,-0.672,0.242,2.304
100,50,2.0,94,1.07,1.34,0.114,1.059,2.069
100,50,2.25,84,1.343,1.52,0.333,1.481,2.188
100,50,2.5,78,1.319,1.54,0.33,1.268,2.405
100,56,1.5,123,0.398,0.69,-0.734,0.199,2.523
100,56,1.75,112,0.366,0.7,-0.704,0.242,2.185
100,56,2.0,92,1.002,1.26,0.073,1.059,1.965
100,56,2.25,82,1.281,1.45,0.292,1.481,2.106
100,56,2.5,76,1.267,1.48,0.289,1.268,2.371
100,63,1.5,121,0.443,0.72,-0.734,0.199,2.86
100,63,1.75,110,0.41,0.74,-0.704,0.242,2.49
100,63,2.0,90,1.064,1.28,0.073,1.059,2.245
100,63,2.25,80,1.348,1.47,0.292,1.481,2.387
100,63,2.5,74,1.337,1.49,0.289,1.268,2.722
112,38,1.5,125,0.316,0.6,-0.909,-0.04,2.733
112,38,1.75,114,0.319,0.68,-0.772,-0.046,2.374
112,38,2.0,97,0.539,1.14,-0.58,0.237,2.142
112,38,2.25,89,0.625,1.33,-0.386,0.416,1.837
112,38,2.5,82,0.65,1.41,-0.316,0.31,2.033
112,44,1.5,122,0.442,0.71,-0.961,0.327,2.984
112,44,1.75,111,0.437,0.78,-0.834,0.311,2.609
112,44,2.0,91,1.059,1.29,-0.255,1.186,2.368
112,44,2.25,83,1.226,1.36,-0.031,1.622,2.042
112,44,2.5,76,1.25,1.41,0.055,1.393,2.278
112,50,1.5,118,0.513,0.82,-0.693,0.23,2.821
112,50,1.75,108,0.476,0.85,-0.629,0.221,2.46
112,50,2.0,88,1.158,1.37,0.252,1.039,2.229
112,50,2.25,78,1.468,1.55,0.512,1.461,2.394
112,50,2.5,72,1.458,1.58,0.517,1.249,2.697
112,56,1.5,116,0.44,0.74,-0.693,0.23,2.681
112,56,1.75,106,0.395,0.74,-0.663,0.221,2.344
112,56,2.0,86,1.088,1.29,0.207,1.039,2.13
112,56,2.25,76,1.406,1.48,0.465,1.461,2.324
112,56,2.5,70,1.406,1.52,0.471,1.249,2.693
112,63,1.5,115,0.477,0.76,-0.693,0.23,2.924
112,63,1.75,105,0.43,0.76,-0.663,0.221,2.562
112,63,2.0,85,1.133,1.29,0.207,1.039,2.325
112,63,2.25,75,1.45,1.48,0.465,1.461,2.508
112,63,2.5,69,1.451,1.52,0.471,1.249,2.925
125,38,1.5,120,0.346,0.65,-0.948,-0.014,2.984
125,38,1.75,110,0.365,0.77,-0.79,0.003,2.608
125,38,2.0,94,0.585,1.21,-0.607,0.29,2.368
125,38,2.25,86,0.675,1.39,-0.413,0.473,2.042
125,38,2.5,81,0.651,1.4,-0.343,0.355,2.001
125,44,1.5,117,0.484,0.76,-0.99,0.372,3.271
125,44,1.75,107,0.489,0.86,-0.853,0.372,2.878
125,44,2.0,88,1.125,1.33,-0.284,1.271,2.63
125,44,2.25,80,1.302,1.4,-0.061,1.726,2.278
125,44,2.5,75,1.258,1.41,0.025,1.48,2.242
125,50,1.5,113,0.56,0.88,-0.718,0.27,3.097
125,50,1.75,104,0.531,0.94,-0.645,0.28,2.718
125,50,2.0,85,1.23,1.4,0.221,1.122,2.48
125,50,2.25,75,1.559,1.59,0.48,1.562,2.679
125,50,2.5,71,1.469,1.58,0.485,1.334,2.658
125,56,1.5,111,0.483,0.8,-0.718,0.27,2.967
125,56,1.75,102,0.448,0.83,-0.68,0.28,2.614
125,56,2.0,83,1.159,1.33,0.176,1.122,2.394
125,56,2.25,73,1.497,1.52,0.433,1.562,2.629
125,56,2.5,69,1.418,1.51,0.44,1.334,2.653
125,63,1.5,110,0.523,0.82,-0.718,0.27,3.241
125,63,1.75,101,0.485,0.85,-0.68,0.28,2.861
125,63,2.0,82,1.207,1.33,0.176,1.122,2.617
125,63,2.25,72,1.544,1.52,0.433,1.562,2.845
125,63,2.5,68,1.464,1.51,0.44,1.334,2.883
