entry,exit,sl,trendD1,nA,R_A,sqnA,nB,R_B,sqnB,ddB
1,4,1.0,False,902,-0.15,-1.99,1623,-0.033,-0.42,128.6
1,4,1.0,True,398,-0.251,-3.5,953,-0.008,-0.1,65.8
1,4,2.0,False,902,-0.057,-1.4,1623,-0.013,-0.33,61.0
1,4,2.0,True,398,-0.107,-2.72,953,-0.001,-0.03,31.1
1,4,3.0,False,902,-0.033,-1.21,1623,-0.006,-0.24,38.7
1,4,3.0,True,398,-0.069,-2.64,953,0.002,0.07,18.5
1,5,1.0,False,902,-0.139,-1.5,1623,-0.022,-0.23,122.9
1,5,1.0,True,398,-0.228,-2.45,953,0.021,0.2,54.4
1,5,2.0,False,902,-0.04,-0.79,1623,-0.012,-0.23,56.3
1,5,2.0,True,398,-0.091,-1.79,953,0.007,0.12,26.5
1,5,3.0,False,902,-0.017,-0.48,1623,-0.008,-0.21,35.8
1,5,3.0,True,398,-0.055,-1.64,953,0.005,0.14,16.1
1,6,1.0,False,902,-0.131,-1.27,1623,-0.037,-0.35,128.5
1,6,1.0,True,398,-0.237,-2.4,953,0.003,0.03,64.7
1,6,2.0,False,902,-0.037,-0.65,1623,-0.021,-0.36,62.8
1,6,2.0,True,398,-0.101,-1.82,953,-0.006,-0.1,33.7
1,6,3.0,False,902,-0.013,-0.32,1623,-0.012,-0.32,40.1
1,6,3.0,True,398,-0.062,-1.67,953,0.001,0.01,20.4
1,9,1.0,False,902,-0.128,-1.02,1623,-0.039,-0.33,128.9
1,9,1.0,True,398,-0.277,-2.46,953,-0.012,-0.1,68.2
1,9,2.0,False,902,-0.031,-0.45,1623,-0.019,-0.28,61.2
1,9,2.0,True,398,-0.119,-1.82,953,-0.006,-0.09,31.2
1,9,3.0,False,902,-0.006,-0.11,1623,-0.008,-0.18,38.3
1,9,3.0,True,398,-0.067,-1.53,953,0.004,0.08,19.0
2,4,1.0,False,1193,-0.223,-3.22,2246,-0.12,-1.69,296.7
2,4,1.0,True,538,-0.282,-4.15,1331,-0.105,-1.41,165.4
2,4,2.0,False,1193,-0.101,-2.73,2246,-0.054,-1.42,139.1
2,4,2.0,True,538,-0.138,-3.72,1331,-0.05,-1.25,81.3
2,4,3.0,False,1193,-0.067,-2.65,2246,-0.035,-1.37,90.4
2,4,3.0,True,538,-0.092,-3.68,1331,-0.032,-1.17,51.3
2,5,1.0,False,1193,-0.21,-2.42,2246,-0.101,-1.09,250.8
2,5,1.0,True,538,-0.274,-3.15,1331,-0.076,-0.77,127.0
2,5,2.0,False,1193,-0.088,-1.78,2246,-0.05,-0.96,119.3
2,5,2.0,True,538,-0.127,-2.61,1331,-0.042,-0.78,66.7
2,5,3.0,False,1193,-0.055,-1.64,2246,-0.033,-0.92,76.8
2,5,3.0,True,538,-0.083,-2.53,1331,-0.026,-0.71,40.8
2,6,1.0,False,1193,-0.207,-2.19,2246,-0.115,-1.15,278.8
2,6,1.0,True,538,-0.29,-3.18,1331,-0.09,-0.86,150.7
2,6,2.0,False,1193,-0.085,-1.5,2246,-0.059,-1.04,135.6
2,6,2.0,True,538,-0.142,-2.69,1331,-0.05,-0.84,78.4
2,6,3.0,False,1193,-0.054,-1.39,2246,-0.037,-0.95,85.3
2,6,3.0,True,538,-0.091,-2.57,1331,-0.029,-0.72,46.2
2,9,1.0,False,1193,-0.187,-1.64,2246,-0.119,-1.02,298.6
2,9,1.0,True,538,-0.278,-2.59,1331,-0.101,-0.83,178.9
2,9,2.0,False,1193,-0.069,-1.01,2246,-0.059,-0.87,144.0
2,9,2.0,True,538,-0.144,-2.28,1331,-0.048,-0.68,81.8
2,9,3.0,False,1193,-0.041,-0.88,2246,-0.038,-0.8,90.0
2,9,3.0,True,538,-0.09,-2.07,1331,-0.028,-0.58,49.4
