tf,fam,a,b,both,sl,n,R,p1,p2,p3
H4,ema,5,30,False,2.0,502,0.12002339179467521,-0.021961082645914974,-0.006731977672279287,0.4083812828438863
H4,ema,5,30,False,3.0,502,0.07189580186066882,-0.03335638076661028,-0.00025307184591264766,0.26397592898653455
H4,ema,5,30,False,4.0,502,0.05290855418294932,-0.02720111060537642,0.003325681638791386,0.1938069628753539
H4,ema,5,30,True,2.0,580,0.09334463794322878,-0.0654444367186116,0.08545849385912901,0.2927912688821711
H4,ema,5,30,True,3.0,517,0.004059518141377717,0.02630460828942839,-0.0754548694763396,0.05589590716061901
H4,ema,5,30,True,4.0,507,0.0472010039975432,0.02829120800407312,0.07328326607950786,0.04284738948571499
H4,ema,5,40,False,2.0,425,0.18662256659162804,0.04658858791881922,0.0018823639617005926,0.5270120807209906
H4,ema,5,40,False,3.0,425,0.11387157937565072,0.004244958697672987,0.006891645763088156,0.34160357849268747
H4,ema,5,40,False,4.0,425,0.08557445593008478,0.0013337172698036212,0.010909886297760907,0.2528087106835082
H4,ema,5,40,True,2.0,493,0.20896562152527373,0.09247264487860588,0.17325511675085462,0.37313262616659926
H4,ema,5,40,True,3.0,439,0.009268950337271223,0.11360337754732663,-0.11997875063164169,0.025656078145753214
H4,ema,5,40,True,4.0,429,0.043771021387178845,0.05832122691405561,0.0962955354293685,-0.025985946855542702
H4,ema,5,50,False,2.0,371,0.2017353211122172,0.12156816143944278,-0.11214251546074783,0.6187096854546404
H4,ema,5,50,False,3.0,371,0.13041417507754155,0.06958014750624172,-0.06813361063834308,0.4045533581017342
H4,ema,5,50,False,4.0,371,0.09745603653480335,0.05211260916726978,-0.04882459540824689,0.29996572365911217
H4,ema,5,50,True,2.0,441,0.10414561398726241,0.18669332687641943,-0.06829007982251188,0.2074462489598771
H4,ema,5,50,True,3.0,385,0.008672002726534294,0.17204494465243936,-0.19343047448666598,0.05586322192095603
H4,ema,5,50,True,4.0,376,0.021067817905434664,0.09486267607158382,0.0016837664588395427,-0.03434069930705534
H4,ema,5,60,False,2.0,350,0.16378135558838158,0.06989395497731923,-0.08548932222934699,0.5269994632296268
H4,ema,5,60,False,3.0,350,0.12456821226963691,0.02942308046545873,-0.049116837853254616,0.40949903129644555
H4,ema,5,60,False,4.0,350,0.09197015378720355,0.020974746967063706,-0.03978641828403002,0.30685162095526014
H4,ema,5,60,True,2.0,418,0.058212908213327315,0.028294771670850018,-0.04165380406886752,0.19982232304251135
H4,ema,5,60,True,3.0,365,-0.000620013599596687,0.036081883524982206,-0.05765480322096449,0.01918260190889776
H4,ema,5,60,True,4.0,354,0.038123693286049636,0.07887749969640306,0.07105752951445365,-0.040558527008137966
H4,ema,5,80,False,2.0,296,0.2033403312665622,0.13782389771354261,-0.14843761018013885,0.6180140489241619
H4,ema,5,80,False,3.0,296,0.12770918429970507,0.0651387817675429,-0.07535319642273612,0.39083915145302195
H4,ema,5,80,False,4.0,296,0.09262416991909964,0.04568732127240718,-0.06434814252006119,0.2946558570590852
H4,ema,5,80,True,2.0,357,0.10010344563537135,0.2842209527644867,-0.13021480455613632,0.16023480238921314
H4,ema,5,80,True,3.0,310,0.06433961111884108,0.08874428618522434,-0.03411873542460281,0.1417348786130192
H4,ema,5,80,True,4.0,300,0.15260488727084906,0.10467509340164101,0.06669360698325173,0.2850223041840147
H4,ema,5,100,False,2.0,278,0.0295651484618419,0.009418621132394363,-0.2530139421964933,0.3308062854885074
H4,ema,5,100,False,3.0,278,0.08327198737120675,-0.005952769250571704,-0.09598012904918232,0.345174404662296
H4,ema,5,100,False,4.0,278,0.06832251862411341,0.020321192357137405,-0.07785420697968468,0.2589636306646893
H4,ema,5,100,True,2.0,340,-0.034531254019838205,0.24536751001283272,-0.16384519414392523,-0.16582982376775374
H4,ema,5,100,True,3.0,297,0.007692817281556082,0.02029633329945365,-0.022213876600028704,0.02622430482376981
H4,ema,5,100,True,4.0,282,0.050978429999355236,0.08986420658320159,0.06415577899072493,0.002258227740243673
H4,ema,5,150,False,2.0,217,0.22103665010346832,-0.07344322393732218,0.03865319936136724,0.6870915852862001
H4,ema,5,150,False,3.0,217,0.14853615275233936,-0.07379363931760503,0.057201341586506575,0.45779968740804816
H4,ema,5,150,False,4.0,217,0.11172741933320314,-0.06186013743663069,0.05629958117469769,0.33859444301585057
H4,ema,5,150,True,2.0,268,0.1591752176694912,0.053873945657233205,0.09092159028105957,0.3359946057795224
H4,ema,5,150,True,3.0,230,0.09170437325516431,0.10790538230311046,0.08500193223225588,0.08122641833096464
H4,ema,5,150,True,4.0,221,0.026543254087085216,-0.016143077675697677,0.09886326515638744,0.003570628431685783
H4,ema,5,200,False,2.0,185,0.26336604512905615,-0.21462700069504953,0.09671680279474455,1.0090236180430545
H4,ema,5,200,False,3.0,185,0.12309747684245329,-0.17861907416382003,-0.02739227967078021,0.6414502989340426
H4,ema,5,200,False,4.0,185,0.0942053000969387,-0.1344807535005259,-0.016642895683804105,0.4837060613508362
H4,ema,5,200,True,2.0,234,0.05138802232296246,-0.1825958675254481,-0.3355388474654822,0.7815902147920982
H4,ema,5,200,True,3.0,199,-0.026262854956210765,-0.07490024956500006,-0.2556618712200376,0.27621347862527396
H4,ema,5,200,True,4.0,189,0.13068892062626056,-0.05786065971949422,0.04824664804758315,0.44495528703147014
H4,ema,8,30,False,2.0,398,0.15985234698542078,0.018619990651019408,-0.013986859691240592,0.4833643099990447
H4,ema,8,30,False,3.0,398,0.10990398873677677,0.026616742701401068,0.008708475761467126,0.2993743608347165
H4,ema,8,30,False,4.0,398,0.09319008592680023,0.021455042520222078,0.004383948356928212,0.2580144150039376
H4,ema,8,30,True,2.0,476,0.19246299974229447,0.14991040284395912,0.08216810807421307,0.3513551872082932
H4,ema,8,30,True,3.0,421,0.06222058674246825,0.18225912523456245,-0.041157924527270524,0.033537059633655816
H4,ema,8,30,True,4.0,405,0.03549880350063997,0.048127805871453565,0.07796232379381532,-0.021206063165597012
H4,ema,8,40,False,2.0,343,0.22816712855806617,0.20938775889102765,-0.11242137546645786,0.6286725129039401
H4,ema,8,40,False,3.0,343,0.1587424040660658,0.1316136094837155,-0.09556284839714695,0.47125309942143445
H4,ema,8,40,False,4.0,343,0.11973974716977513,0.09050532958061333,-0.06538030242417947,0.35697736937572544
H4,ema,8,40,True,2.0,417,0.15781316447658486,0.2553337047185145,-0.08750026877111687,0.325917876512511
H4,ema,8,40,True,3.0,360,0.015295979632446327,0.14780718272293153,-0.14299790992355493,0.05586875067184022
H4,ema,8,40,True,4.0,351,0.07118466123284614,0.10618427465283077,0.01986152729571328,0.09194244007506464
H4,ema,8,50,False,2.0,298,0.23995451028963305,0.20982792790797067,-0.1257106744449509,0.6773315945902415
H4,ema,8,50,False,3.0,298,0.1907776981234977,0.13989705484130605,-0.08701633343711294,0.5507529323817639
H4,ema,8,50,False,4.0,298,0.14377955454726304,0.10013912147315421,-0.06292645983396639,0.41735647830592854
H4,ema,8,50,True,2.0,367,0.24218831785598963,0.45113983971550303,-0.08612795363782606,0.4052749975536727
H4,ema,8,50,True,3.0,317,0.10706317955981012,0.19049120099632305,-0.08264995645036123,0.24013670410626406
H4,ema,8,50,True,4.0,303,0.11123984394529768,0.17514449741099475,0.05254556662075496,0.11267076807670573
H4,ema,8,60,False,2.0,281,0.20799623417334429,0.14081604023875421,-0.1615239733446249,0.6638922576677743
H4,ema,8,60,False,3.0,281,0.1336941648851824,0.08305940971945237,-0.08843630177711656,0.41844906679356436
H4,ema,8,60,False,4.0,281,0.1194624422947997,0.05978207463289796,-0.07012193639929862,0.37968388079831633
H4,ema,8,60,True,2.0,359,0.12126466936120965,0.18866972613893868,-0.23862148387416507,0.4518497790077067
H4,ema,8,60,True,3.0,300,0.12199178528480834,0.04359267225649897,-0.05396152803664628,0.3886469231677735
H4,ema,8,60,True,4.0,285,0.08896914782020805,0.12410529459848596,0.0654444132773461,0.07698317389977866
H4,ema,8,80,False,2.0,245,0.081400307973237,0.20950633000949884,-0.3960417307498174,0.4215795170222978
H4,ema,8,80,False,3.0,245,0.09096097970808581,0.09314074080057641,-0.11419563141482263,0.2804989141288677
H4,ema,8,80,False,4.0,245,0.08322893590327904,0.06117189767696899,-0.09563278156869184,0.2681242880459107
H4,ema,8,80,True,2.0,322,-0.08732557634451771,0.1206559487561074,-0.28219399882285695,-0.0727144667620985
H4,ema,8,80,True,3.0,268,0.02327524439977277,0.14581741037432827,-0.0838626649548253,0.022546530891183584
H4,ema,8,80,True,4.0,250,0.030361937992374403,0.15320335876749688,-0.03173518013856785,-0.011528282845306659
H4,ema,8,100,False,2.0,225,-0.00907586374580657,0.013771403962820096,-0.324709719490173,0.2559704364079677
H4,ema,8,100,False,3.0,225,0.08572066933801299,-0.009964839037856435,-0.1506742184674962,0.3941326651169518
H4,ema,8,100,False,4.0,225,0.10284738188892893,0.018318338730382074,-0.07804884211583724,0.3498709611759541
H4,ema,8,100,True,2.0,292,0.05848439415907927,0.2537243315651944,-0.25702476853490164,0.16372786843342851
H4,ema,8,100,True,3.0,244,0.04351402768815702,0.11827977751020839,-0.04065753183210641,0.05167907619460177
H4,ema,8,100,True,4.0,232,0.02831981764551631,0.10039261040432858,-0.07522154664265923,0.05382460667223661
H4,ema,8,150,False,2.0,172,0.2882314285719184,-0.006573649257204075,-0.028709428248483413,0.8580875119619105
H4,ema,8,150,False,3.0,172,0.15734378180366113,-0.07912122789657222,0.0014348876263986824,0.5275872311988059
H4,ema,8,150,False,4.0,172,0.10868736419265694,-0.06660705408863948,-0.007144729000248954,0.38337855782299857
H4,ema,8,150,True,2.0,234,0.266763431866588,0.21859003102789418,-0.02068463128206537,0.6073692447477801
H4,ema,8,150,True,3.0,191,0.20517632455287932,0.1510125640644492,0.28565967764679756,0.1873928451543219
H4,ema,8,150,True,4.0,178,-0.012194067452133719,0.06301246159819401,-0.12197367064510686,0.013380678559940122
H4,ema,8,200,False,2.0,150,0.5575368248732328,-0.21400596555998566,0.0604948509294155,2.2806496090010415
H4,ema,8,200,False,3.0,150,0.3039349161970018,-0.20486921452659582,-0.07083127185375743,1.4964176249263441
H4,ema,8,200,False,4.0,150,0.20852540166621356,-0.17793967269888045,-0.08119852160597196,1.120339467574573
H4,ema,8,200,True,2.0,215,0.1941330470204464,-0.23175243509466342,-0.3082169485228825,1.4739274359305439
H4,ema,8,200,True,3.0,173,-0.006364377419182153,-0.014282873389667534,-0.18385631817841736,0.2219347942421578
H4,ema,8,200,True,4.0,158,-0.047032010846575656,-0.04014211060049352,-0.23143409192532025,0.1662218610348681
H4,ema,10,30,False,2.0,362,0.14414298495420158,0.04348423375926152,-0.11418963672951826,0.5034980547653707
H4,ema,10,30,False,3.0,362,0.11970329299711337,0.055489392601674355,0.0050478646755412904,0.29922250732133054
H4,ema,10,30,False,4.0,362,0.1008705953254237,0.04050909998170749,0.0015568048349610362,0.26122730362244173
H4,ema,10,30,True,2.0,446,0.13226615450074955,0.1422163938297828,-0.02007244285973965,0.2774439960625911
H4,ema,10,30,True,3.0,384,0.06449287752907733,0.08454861005644365,0.09902838178143568,0.009655911189257287
H4,ema,10,30,True,4.0,370,0.07241791804358881,0.12427187138938019,0.08259301174085246,0.008688741382639009
H4,ema,10,40,False,2.0,301,0.2076877708496869,0.19046170574969415,-0.19766727728710726,0.664055404862704
H4,ema,10,40,False,3.0,301,0.18586932327749311,0.13339348397279718,-0.08547935579935777,0.5331550902283617
H4,ema,10,40,False,4.0,301,0.13731871106544616,0.08636639315459052,-0.060284816856273564,0.4032223183330263
H4,ema,10,40,True,2.0,379,0.15674110068838037,0.3223547053611649,-0.1373398502310528,0.2970835797813578
H4,ema,10,40,True,3.0,323,0.16168641111248305,0.21863770200294913,-0.12032103450408416,0.40861936735408677
H4,ema,10,40,True,4.0,309,0.1035600781453142,0.12038917732534883,0.04656383789916341,0.14765301239576442
H4,ema,10,50,False,2.0,271,0.242862734894549,0.3033467053620249,-0.30770727937950476,0.7730136669009234
H4,ema,10,50,False,3.0,271,0.18548591605888756,0.17670988527356846,-0.0900802268822684,0.48771160871558855
H4,ema,10,50,False,4.0,271,0.1537936368176195,0.1208067810312612,-0.06442634606400531,0.4177158712451357
H4,ema,10,50,True,2.0,344,0.17478872415342256,0.2908038212060635,-0.1257337739814237,0.39470226911388406
H4,ema,10,50,True,3.0,292,0.19711966004102097,0.23782000510010487,-0.06319245968556433,0.44011995906319973
H4,ema,10,50,True,4.0,276,0.18240189184581074,0.20915138952899312,0.0717737571633417,0.27374670451714384
H4,ema,10,60,False,2.0,251,0.14841466790563376,0.16934744306969415,-0.3680063608277662,0.6816394723647546
H4,ema,10,60,False,3.0,251,0.12637659241200302,0.10661279982220237,-0.1323767768133655,0.4245486653448489
H4,ema,10,60,False,4.0,251,0.11024304395955509,0.07268578384065327,-0.09886350775116846,0.373323569745997
H4,ema,10,60,True,2.0,337,0.020261709075160377,0.15191246054506383,-0.2066453343463458,0.12599097420904565
H4,ema,10,60,True,3.0,277,0.12521130626700394,0.11487800559490374,-0.06302145258758404,0.3344643701894381
H4,ema,10,60,True,4.0,258,0.13931604539657827,0.18179328005659773,0.01139055911196715,0.23042355597036251
H4,ema,10,80,False,2.0,229,0.006550730687498118,0.13424282161778325,-0.4242999308887737,0.2933724645992657
H4,ema,10,80,False,3.0,229,0.07047565951282728,0.07458078207649678,-0.22967588310912226,0.34185106505272245
H4,ema,10,80,False,4.0,229,0.0813506509683281,0.050721054405103515,-0.1368364433515787,0.306968613953131
H4,ema,10,80,True,2.0,305,0.029087599666331874,0.3941513408033321,-0.2768675320543424,0.006724761514849495
H4,ema,10,80,True,3.0,258,0.015684815752979562,0.16500224451044498,-0.18164916151081714,0.07407589347157253
H4,ema,10,80,True,4.0,238,-0.0051768872574994886,0.1826617815131547,-0.2524921877677018,0.06762357657190851
H4,ema,10,100,False,2.0,184,0.07723757683641533,0.163357087943188,-0.34181285357260144,0.3672035510381822
H4,ema,10,100,False,3.0,184,0.11736793523766846,0.03708863971216856,-0.15581018717323028,0.43041473571285227
H4,ema,10,100,False,4.0,184,0.1497404435417315,0.08798171827909959,-0.06212794608278104,0.3920721119353623
H4,ema,10,100,True,2.0,255,-0.03467116676392574,0.33502046393652396,-0.282220790082046,-0.1379503244708756
H4,ema,10,100,True,3.0,209,0.2203585812440999,0.1711950968171032,0.0501185755836295,0.4282558147215272
H4,ema,10,100,True,4.0,192,0.12026171801920789,0.30127770909553825,-0.029423482546561724,0.08994006276963484
H4,ema,10,150,False,2.0,161,0.22746054211017142,0.004715178696056862,-0.21040009645197452,0.9456751350434582
H4,ema,10,150,False,3.0,161,0.2360049287644429,-0.07973895491424056,0.01723391441652296,0.8361045664271259
H4,ema,10,150,False,4.0,161,0.1561156684243938,-0.08126586652690199,-0.01283106308154891,0.6119304804331033
H4,ema,10,150,True,2.0,227,0.1112546978181322,0.08750957477786685,-0.25493978687867547,0.5527442579568601
H4,ema,10,150,True,3.0,183,0.2176266063601607,0.22515829802231804,0.07527901259030079,0.35127379769270084
H4,ema,10,150,True,4.0,172,0.008481813558468908,0.10351993892112372,-0.1215459097208105,0.03289974951681593
H4,ema,10,200,False,2.0,135,0.6352860237069408,-0.35529452187252514,0.19208490933373296,2.667224299883625
H4,ema,10,200,False,3.0,135,0.38803977956541197,-0.19665269140198335,-0.018898117072920505,1.7445175952854721
H4,ema,10,200,False,4.0,135,0.26907327030242867,-0.17384395166500335,-0.04370531396253552,1.3015149525918779
H4,ema,10,200,True,2.0,195,0.2693197736062266,-0.19349383914798757,-0.12888424339318338,1.4975426226220887
H4,ema,10,200,True,3.0,160,0.36896682600834896,0.03253529923654238,0.26741450414092677,1.0513381957361367
H4,ema,10,200,True,4.0,145,-0.006572615217155154,-0.05773170788132766,-0.12855494633011183,0.21575893557009193
H4,ema,13,30,False,2.0,311,0.17358800233591845,0.1817419733667353,-0.17428084299439783,0.5409193103370101
H4,ema,13,30,False,3.0,311,0.16057252819284507,0.12585338317393144,-0.07102033962199147,0.4477033068107586
H4,ema,13,30,False,4.0,311,0.13152432099522854,0.08363864588176878,-0.049875652841742266,0.3783707158181494
H4,ema,13,30,True,2.0,397,0.08044884349830841,0.17532167415967287,-0.13100931144002384,0.20508110386449038
H4,ema,13,30,True,3.0,335,0.1523692374801711,0.19878788292489993,-0.061113425456659334,0.33650774658788785
H4,ema,13,30,True,4.0,321,0.053924538209120965,0.11686721475497955,0.015491907862347595,0.028109220509576708
H4,ema,13,40,False,2.0,277,0.186055612366399,0.2601377747151279,-0.3733996084433204,0.7129336153062867
H4,ema,13,40,False,3.0,277,0.17389403188287722,0.1764716779485374,-0.12523919573145728,0.49389005899451066
H4,ema,13,40,False,4.0,277,0.14140875465638297,0.11583414774667922,-0.0934235862360507,0.42114772725600513
H4,ema,13,40,True,2.0,359,0.16434131254189613,0.33130710098428684,-0.17193872276921285,0.3622736701103825
H4,ema,13,40,True,3.0,304,0.17768096730536226,0.20041197926708898,-0.1025512345740015,0.46336905395401423
H4,ema,13,40,True,4.0,285,0.14523862183746358,0.19764912482454852,0.007470566159561347,0.24040389357745537
H4,ema,13,50,False,2.0,246,0.17846577066566893,0.2412177642600252,-0.3969163710844369,0.708740789321081
H4,ema,13,50,False,3.0,246,0.10555874712256345,0.13460022282279224,-0.25436936387028225,0.44686783543309394
H4,ema,13,50,False,4.0,246,0.11371219139290219,0.07928618545026857,-0.12918736724963972,0.39481690161147437
H4,ema,13,50,True,2.0,328,0.12510116042992886,0.2860801072133692,-0.27699099554605155,0.4118322656545595
H4,ema,13,50,True,3.0,271,0.10571045764684665,0.11354880891340227,-0.17914842820266558,0.39255262315157596
H4,ema,13,50,True,4.0,255,0.168284853177912,0.2849647575867448,-0.008518884445507224,0.23589151610480955
H4,ema,13,60,False,2.0,212,0.09310032073990752,0.2432610500533857,-0.38889906968740406,0.438710393008807
H4,ema,13,60,False,3.0,212,0.11449120116659735,0.11101299193295569,-0.22132691013965916,0.46338232488667414
H4,ema,13,60,False,4.0,212,0.1201498704079724,0.07480296301584617,-0.10747036676511232,0.3996204503209857
H4,ema,13,60,True,2.0,293,-0.028056017096701066,0.3294188198910076,-0.2875433543403651,-0.11252855135930488
H4,ema,13,60,True,3.0,244,0.00255485898647905,0.19763642044147756,-0.06198311200158654,-0.12249272253600971
H4,ema,13,60,True,4.0,222,0.10792187061955309,0.2891308118719818,-0.04380121959450235,0.07843601958117989
H4,ema,13,80,False,2.0,200,0.03900376797828817,0.19183783881214564,-0.42889375383429984,0.3383374296275528
H4,ema,13,80,False,3.0,200,0.09420317859746888,0.07164961826958888,-0.23494205022651993,0.42018148004873224
H4,ema,13,80,False,4.0,200,0.1095238706120015,0.08474328608457668,-0.13952349199266947,0.3630210925434953
H4,ema,13,80,True,2.0,280,-0.05421510815247104,0.36297806680755385,-0.27547687298156337,-0.21660687858662936
H4,ema,13,80,True,3.0,232,0.13435011301624378,0.29259489259143573,-0.03754420101776707,0.1542351575063748
H4,ema,13,80,True,4.0,210,0.1133763708485756,0.336127497935922,-0.24694053852264866,0.2555467663650735
H4,ema,13,100,False,2.0,163,0.2793543801469502,0.1461909897655348,-0.18652803539510526,0.8018533391936121
H4,ema,13,100,False,3.0,163,0.17272951549857046,0.020641243088588838,-0.06034791954687362,0.5053548101303643
H4,ema,13,100,False,4.0,163,0.13566863067831733,0.008730250340427207,0.006164268306375096,0.3558461343884413
H4,ema,13,100,True,2.0,233,0.08908511079539279,0.36207378072641583,-0.18136107891898653,0.10300382952126837
H4,ema,13,100,True,3.0,194,0.21121817327520215,0.1132096868146834,0.12456389098201863,0.3747766255999098
H4,ema,13,100,True,4.0,173,0.09209342420920574,0.21639659243123702,-0.0027440857437520264,0.07101869813386553
H4,ema,13,150,False,2.0,138,0.3149273323143706,0.09648349054382681,-0.10053210059117422,0.94026471172372
H4,ema,13,150,False,3.0,138,0.2547614130881412,-0.0401750875834831,-0.11501802406491386,0.9162233101962367
H4,ema,13,150,False,4.0,138,0.205903697118564,-0.049512973838041485,-0.0008063975194824915,0.6701481399444578
H4,ema,13,150,True,2.0,198,0.10859957802310685,0.061654343949656146,-0.3683315675382644,0.6831736718161376
H4,ema,13,150,True,3.0,163,0.1223526748120674,0.32320897262552534,-0.08481722078958534,0.10983463029204586
H4,ema,13,150,True,4.0,149,0.030569222576659585,0.1814608426994539,-0.23942720984536703,0.13492564114547534
H4,ema,13,200,False,2.0,117,0.8396541824105012,-0.42120990169551287,0.42752521365691476,3.0189852067667298
H4,ema,13,200,False,3.0,117,0.443047096307975,-0.3844020073713239,0.09370150424152654,1.9567691312291278
H4,ema,13,200,False,4.0,117,0.3472818607275209,-0.21125807322419493,0.02928131601364545,1.4560876402989964
H4,ema,13,200,True,2.0,176,0.4194936126781554,-0.28152417414911285,0.06085023143742521,1.8094465893376792
H4,ema,13,200,True,3.0,154,0.09941142690697251,-0.3365860093218207,0.007034760369309094,0.9296591965296773
H4,ema,13,200,True,4.0,131,0.01467067965478252,-0.12033671737755987,-0.0701719126316938,0.3061418348087628
H4,ema,15,40,False,2.0,259,0.21454321596208298,0.33548205053333463,-0.33146035938170343,0.6812851678634458
H4,ema,15,40,False,3.0,259,0.16249065648271094,0.18622613264548696,-0.1560240227881107,0.4832746346077134
H4,ema,15,40,False,4.0,259,0.13670968043102033,0.12932701180350462,-0.11670128534430814,0.4191421674400072
H4,ema,15,40,True,2.0,340,0.07661535916029144,0.359072954651296,-0.18660341347257564,0.06567583521543922
H4,ema,15,40,True,3.0,286,0.10503705787990608,0.2089925113564883,-0.0838887509794841,0.20412291288719966
H4,ema,15,40,True,4.0,270,0.0728447614464447,0.11354719876646621,-0.17069605648633251,0.2997501193782111
H4,ema,15,50,False,2.0,229,0.17015061635034479,0.2216577245538619,-0.43984985857730907,0.7254863790554558
H4,ema,15,50,False,3.0,229,0.09622365839406012,0.11843997324042219,-0.26861478151218826,0.43619610958076016
H4,ema,15,50,False,4.0,229,0.1029381938221017,0.0684910412050724,-0.14545383534043407,0.3795808933550625
H4,ema,15,50,True,2.0,310,0.05163611813373854,0.31131024117705125,-0.24369137772875527,0.10775773324041911
H4,ema,15,50,True,3.0,264,-0.03212882472025217,0.21893041675366057,-0.22414407693277963,-0.07287403771394577
H4,ema,15,50,True,4.0,241,0.09973080524319469,0.3034829760960106,-0.09451709232967011,0.1026940757025761
H4,ema,15,60,False,2.0,206,0.041676278753637705,0.14709894726171635,-0.448212130679627,0.4494429736742895
H4,ema,15,60,False,3.0,206,0.0881709770598526,0.059742720828340874,-0.24763236527030097,0.4744772179585885
H4,ema,15,60,False,4.0,206,0.0948026413250713,0.03375062534859743,-0.14630074792261327,0.41527049535069377
H4,ema,15,60,True,2.0,291,-0.053841525699296726,0.3178352383808115,-0.3174381316370095,-0.15695839295460753
H4,ema,15,60,True,3.0,237,0.0439393198695315,0.16831461942517337,-0.07318430970603032,0.035000124638993504
H4,ema,15,60,True,4.0,215,0.07610278761192334,0.2324462824292268,-0.21500370358188342,0.21887481947338105
H4,ema,15,80,False,2.0,184,0.19471176240805543,0.24621012551806287,-0.42324584581229685,0.7389881472140774
H4,ema,15,80,False,3.0,184,0.15151095329541958,0.10173313093265553,-0.1146584155746942,0.4490469032127213
H4,ema,15,80,False,4.0,184,0.10290204384286952,0.09308073180441226,-0.10121179550015869,0.30620777961917434
H4,ema,15,80,True,2.0,261,0.006940566589202806,0.37556454685680396,-0.3435087186651292,0.02562826960269374
H4,ema,15,80,True,3.0,217,0.16723585210198957,0.41654468553785806,0.1009881272178123,0.006146508958623866
H4,ema,15,80,True,4.0,195,0.06335250617778973,0.20251705141870985,-0.11466293505970156,0.10801868618852606
H4,ema,15,100,False,2.0,153,0.19549749923130846,0.25206175488372723,-0.23843407808429248,0.5515044064607257
H4,ema,15,100,False,3.0,153,0.23202937500187107,0.025921586888555472,0.1010848309264433,0.5500032732931385
H4,ema,15,100,False,4.0,153,0.186325063318176,0.02727067199528732,0.03909282054121124,0.4752747181293584
H4,ema,15,100,True,2.0,225,0.05793402933994966,0.23431264963607537,-0.18809212882936105,0.11462807808567656
H4,ema,15,100,True,3.0,188,0.22543138175738658,0.2690474481394034,0.2870522412208104,0.13107582905670534
H4,ema,15,100,True,4.0,165,0.07451783675472981,0.07321013684577671,0.09203428271202453,0.05916218260366934
H4,ema,15,150,False,2.0,133,0.5151055851866554,0.13486121437526224,-0.12601906168094912,1.5391874232009977
H4,ema,15,150,False,3.0,133,0.2824714039278255,-0.03365446370137311,-0.12661938015825494,1.012759895442475
H4,ema,15,150,False,4.0,133,0.21069893138668186,-0.05649687721486103,-0.04353177796298655,0.7384927426981979
H4,ema,15,150,True,2.0,198,0.13023928716879174,0.04904607184451831,-0.21996097112390256,0.6124679662061372
H4,ema,15,150,True,3.0,165,0.1159983899813239,0.19864801380235894,-0.21371565355919275,0.3725482786949466
H4,ema,15,150,True,4.0,145,0.07065272390976642,0.1374542995308707,-0.29562510038129114,0.37365818741860785
H4,ema,15,200,False,2.0,107,0.9170013248059133,-0.42301052619896534,0.460396664534994,3.3551702595532817
H4,ema,15,200,False,3.0,107,0.5083876157313969,-0.3873437051929525,0.15102807719295824,2.1972766527331946
H4,ema,15,200,False,4.0,107,0.4038151474401242,-0.21006522002071834,0.08390585497311517,1.6462742055966086
H4,ema,15,200,True,2.0,162,0.4242494336478551,-0.3677654065100497,0.04435929731168999,1.9735426133702458
H4,ema,15,200,True,3.0,143,0.10802004829415093,-0.323503031374122,-0.03887881536810535,0.9376337606335267
H4,ema,15,200,True,4.0,121,0.23022953080604538,-0.09270126762165161,-0.08853726322168316,1.086583412455698
H4,ema,20,50,False,2.0,207,0.06364063193360124,0.23180738980034496,-0.4475016943641581,0.4208274756772994
H4,ema,20,50,False,3.0,207,0.13372089662528747,0.10818542550863447,-0.17570714343343005,0.46652648066403946
H4,ema,20,50,False,4.0,207,0.10869078099842669,0.05958113561007389,-0.1369005715240855,0.39924166803140276
H4,ema,20,50,True,2.0,294,0.06784209213846,0.41904455733323454,-0.2647768287145585,0.0873243257452264
H4,ema,20,50,True,3.0,237,0.09385922790664152,0.21221941308786485,-0.03516087313074559,0.11147623027736367
H4,ema,20,50,True,4.0,218,0.04050320239043362,0.3196922832684332,-0.2035457773317714,0.028329083965949377
H4,ema,20,60,False,2.0,191,0.17488332290588068,0.3071197805903885,-0.42598291935658145,0.6148889964568314
H4,ema,20,60,False,3.0,191,0.15627355315471814,0.17384787664669732,-0.15013182560581664,0.4246423686311142
H4,ema,20,60,False,4.0,191,0.09149355107843701,0.11089763096058944,-0.13895899244489157,0.2878798076819744
H4,ema,20,60,True,2.0,271,0.03842877712309129,0.43060106401785275,-0.3187123142056417,0.029641355279512165
H4,ema,20,60,True,3.0,226,0.1340989759303032,0.3696367734808358,0.06303437415133949,-0.00657745938949515
H4,ema,20,60,True,4.0,203,0.08539314367221011,0.36034850170067617,-0.12135990986004831,0.03126380969011731
H4,ema,20,80,False,2.0,163,0.31710531726609603,0.2737858789977864,-0.2891691999167689,0.8808345407816178
H4,ema,20,80,False,3.0,163,0.22728887911538864,0.06480696001232264,0.06473393395308574,0.521500134439247
H4,ema,20,80,False,4.0,163,0.1767451137229538,0.05128242340984352,0.013304459618460177,0.4366154701444322
H4,ema,20,80,True,2.0,240,0.06881086141839769,0.19121926192739463,-0.1560263881023329,0.1515217337139457
H4,ema,20,80,True,3.0,205,0.0815765439049284,0.35123252374067104,0.17440266469778393,-0.2534139796377587
H4,ema,20,80,True,4.0,178,0.06315585275068424,0.07907789367517516,0.07023693944712216,0.041810103166977294
H4,ema,20,100,False,2.0,134,0.35053775550379546,0.25675351456047135,-0.30196694462604917,1.0765254482517506
H4,ema,20,100,False,3.0,134,0.29752312674887643,0.10122411602408159,0.10465850117330404,0.6696919444025057
H4,ema,20,100,False,4.0,134,0.23180297888182946,0.07941850252943722,0.04863009416222315,0.5534402026978108
H4,ema,20,100,True,2.0,193,0.025265285748881917,0.10793742254586461,-0.1406119925374128,0.10721264886694071
H4,ema,20,100,True,3.0,167,0.13135139360862266,0.3299454161325844,0.27365986162904576,-0.1884941746227083
H4,ema,20,100,True,4.0,147,0.0743562948771198,0.03970788562269053,-0.10326927523734923,0.2769470433196132
H4,ema,20,150,False,2.0,114,0.7739991858574055,0.09212348550940781,0.14197881502739357,2.145877358659197
H4,ema,20,150,False,3.0,114,0.4083248647061693,-0.08812005482094384,0.01854826935265398,1.3405645257200014
H4,ema,20,150,False,4.0,114,0.27886950259187054,-0.136991504880875,0.04757489811862794,0.9697201369275138
H4,ema,20,150,True,2.0,173,0.423679028626438,-0.034057620393726465,0.17911266802840647,1.215277091037221
H4,ema,20,150,True,3.0,148,0.17566532286949654,0.23059474553361906,0.305592359922027,-0.026726250380978606
H4,ema,20,150,True,4.0,133,0.13794508140223402,0.11073769166837658,0.033364154321604146,0.2742679631723642
H4,ema,20,200,False,2.0,92,0.964017325653993,-0.43037471328865884,0.35320569304657834,3.4235887516401915
H4,ema,20,200,False,3.0,92,0.5361275068036065,-0.37418620730504837,0.13425408318085796,2.144721440743619
H4,ema,20,200,False,4.0,92,0.3512237634119093,-0.3487461251364212,0.04581791476002212,1.5847740430471104
H4,ema,20,200,True,2.0,140,0.5089039053286253,-0.2351583772394264,0.39728364194058646,1.6577816420821623
H4,ema,20,200,True,3.0,123,0.4089657532297937,-0.04532612882185295,0.27115828087203264,1.1655102807204862
H4,ema,20,200,True,4.0,109,0.19364297459418753,-0.07110238800150058,0.024348360958536805,0.7136937121551311
H4,turtle,20,10,False,2.0,320,0.18353223159918705,0.14586022532824874,0.05809866809508755,0.3285900299775153
H4,turtle,20,10,False,3.0,301,0.12498309305127082,0.09060598616000058,0.03336783436170731,0.2381305991984137
H4,turtle,20,10,True,2.0,592,0.13774362653608288,0.16869310308593505,0.05698149372793961,0.1746515570671812
H4,turtle,20,10,True,3.0,546,0.1067569311274271,0.1315404223159999,0.02474062474904546,0.15398416673928164
H4,turtle,40,20,False,2.0,194,0.35772151961694637,0.206805060757299,-0.026511989342142498,0.8902964689594388
H4,turtle,40,20,False,3.0,177,0.23981291974881574,0.14969571729643635,-0.08630597074673958,0.6480489554749479
H4,turtle,40,20,True,2.0,379,0.12400628729821908,0.27295152677413476,-0.13640350628658274,0.19769174221682512
H4,turtle,40,20,True,3.0,343,0.06610261614144618,0.219813462088267,-0.163954801763477,0.11538360952249876
H4,turtle,55,20,False,2.0,178,0.3545480338694959,0.12168012080290717,0.10956224039496816,0.8113276687809022
H4,turtle,55,20,False,3.0,164,0.23437087015040464,0.053146689659366864,-0.0257526960685977,0.6515026917213758
H4,turtle,55,20,True,2.0,334,0.1363233743734672,0.2685601984678855,-0.12301468803661061,0.20900904436866694
H4,turtle,55,20,True,3.0,305,0.06383723236597302,0.15191713156845355,-0.1441086423473042,0.14154211356765323
H4,turtle,100,50,False,2.0,102,0.46408511010300085,-0.2644572859665514,0.7505768483890215,1.1151133837832679
H4,turtle,100,50,False,3.0,91,0.28952289338096837,-0.2544644921912435,0.3248134166059981,0.8935897230868565
H4,turtle,100,50,True,2.0,207,0.09331754705081936,0.038311768816849716,-0.006993101433216002,0.23505224344622241
H4,turtle,100,50,True,3.0,176,0.08368492587698827,0.025737161356244723,-0.10208929672660717,0.3190346335996887
D1,ema,5,30,False,2.0,94,0.2688640067927244,-0.08795902127372852,0.1114054133155881,1.1102334040638953
D1,ema,5,30,False,3.0,94,0.17767260361676507,-0.05136878505355241,0.07230285305671735,0.7220383491282547
D1,ema,5,30,False,4.0,94,0.13458475015365937,-0.038526588790164275,0.0594374714367897,0.541528761846191
D1,ema,5,30,True,2.0,100,0.17136374641047816,-0.0678876114604269,0.25370551135361724,0.5430857622603192
D1,ema,5,30,True,3.0,95,-0.013815670577267286,0.12305689567341893,-0.1235415620880118,-0.16032433662821519
D1,ema,5,30,True,4.0,95,-0.010361752932950469,0.09229267175506421,-0.0926561715660088,-0.12024325247116138
D1,ema,5,40,False,2.0,85,0.17894468043520326,-0.32505319993596404,-0.020416006736307363,1.5609028204828312
D1,ema,5,40,False,3.0,85,0.1512901113796672,-0.14294733465652756,-0.016771342856525765,1.020638723326447
D1,ema,5,40,False,4.0,85,0.11370706890829095,-0.10721050099239567,-0.011693452501048775,0.7654790424948351
D1,ema,5,40,True,2.0,92,0.1816984408979633,-0.26943380206541706,0.015322588772856242,1.449829027018291
D1,ema,5,40,True,3.0,87,0.16625532506675086,0.02934281738982766,0.07844446494539312,0.5684453310955434
D1,ema,5,40,True,4.0,86,0.17434262062490768,0.016325294860552578,-0.011693452501048775,0.7654790424948351
D1,ema,5,50,False,2.0,77,0.17360137739137843,-0.3542683459807029,-0.14251044396014714,1.9081724513454588
D1,ema,5,50,False,3.0,77,0.16872244374828338,-0.17092811523773838,-0.02407044712074936,1.270889510478943
D1,ema,5,50,False,4.0,77,0.12816583228474554,-0.12819608642830374,-0.012098170604274417,0.9531671328592074
D1,ema,5,50,True,2.0,86,0.12185693006323862,-0.37447855296531685,-0.0925919944055082,1.7384375726241161
D1,ema,5,50,True,3.0,79,0.2687916118512526,-0.0023579350182034017,0.07870219586013126,1.1575568564077963
D1,ema,5,50,True,4.0,78,-0.02365186471501201,0.03473364903370367,-0.11341363635721939,-0.0501473556245574
D1,ema,5,60,False,2.0,76,0.16734854529582854,-0.35670407026014017,-0.16517653523106152,2.2145422212878634
D1,ema,5,60,False,3.0,76,0.12552319263621883,-0.24142532139559097,-0.0494717296526303,1.4763614808585754
D1,ema,5,60,False,4.0,76,0.09578776236482253,-0.18106899104669322,-0.030851399266370795,1.1072711106439317
D1,ema,5,60,True,2.0,86,0.06597596688901314,-0.42996394867908716,-0.19547451704078225,2.2145422212878634
D1,ema,5,60,True,3.0,78,-0.18171534444558246,-0.32055212930058546,0.058617642569337505,-0.10416054388113359
D1,ema,5,60,True,4.0,77,-0.05526009896285639,-0.012447061542744517,-0.128022245834096,-0.0781204079108502
D1,ema,5,80,False,2.0,60,0.656634058494286,-0.2553365973327477,0.05792324888249967,4.234919944845691
D1,ema,5,80,False,3.0,60,0.43443034428457744,-0.1775998960726406,0.04076104328612258,2.82327996323046
D1,ema,5,80,False,4.0,60,0.3258227582134331,-0.13319992205448047,0.030570782464591956,2.1174599724228456
D1,ema,5,80,True,2.0,65,0.6182741838434141,-0.1828695628744294,-0.0054936576211320875,3.8905952073006103
D1,ema,5,80,True,3.0,61,0.5315404879558835,0.02045310405787107,0.04076104328612258,2.82327996323046
D1,ema,5,80,True,4.0,61,0.39455700531117494,0.007764070467645776,0.030570782464591956,2.1174599724228456
D1,ema,5,100,False,2.0,48,0.7825155043261821,-0.3082689661100225,-0.1040063166620939,6.762870675128094
D1,ema,5,100,False,3.0,48,0.5177775187355321,-0.2172335111641889,-0.06010267498993794,4.508580450085396
D1,ema,5,100,False,4.0,48,0.3883331390516491,-0.16292513337314166,-0.045077006242453435,3.381435337564047
D1,ema,5,100,True,2.0,54,0.8073172300626532,-0.10958821272106964,-0.03149478520013135,6.762870675128094
D1,ema,5,100,True,3.0,49,0.6383234566175877,0.019972274054398616,-0.06010267498993794,4.508580450085396
D1,ema,5,100,True,4.0,49,-0.006740302842796635,0.09484303482075422,-0.1945480089071003,-0.020920581844749493
D1,ema,5,150,False,2.0,37,0.9220826497034951,-0.6810713381373317,-0.14740478716094538,7.959822967936198
D1,ema,5,150,False,3.0,37,0.6079573133002767,-0.4676062931856658,-0.09593540180520652,5.297803866923241
D1,ema,5,150,False,4.0,37,0.458397849518248,-0.34680337221543067,-0.0702671172369348,3.9733529001924306
D1,ema,5,150,True,2.0,42,0.8915237766876458,-0.39619018032618336,-0.09579059643803879,6.686380167710766
D1,ema,5,150,True,3.0,40,0.8211526827093447,0.11373054905055043,-0.07781796919518567,4.539239777877989
D1,ema,5,150,True,4.0,38,0.642070037879601,0.18280636213984044,-0.16357539648656363,3.3687155476942054
D1,ema,5,200,False,2.0,36,1.1182524530577753,-0.748364470047584,1.289455669215818,6.231325241155605
D1,ema,5,200,False,3.0,36,0.7091260124319292,-0.5359257699394052,0.8162221664733308,4.128721764011083
D1,ema,5,200,False,4.0,36,0.5222902697606501,-0.41757022470106187,0.6086738827051619,3.0965413230083114
D1,ema,5,200,True,2.0,43,0.86726116921661,-0.6779931731728298,0.8786296113693278,4.80234972602519
D1,ema,5,200,True,3.0,37,0.7974462477520884,0.07750500383290217,-0.16948139656972813,3.6850929574120967
D1,ema,5,200,True,4.0,36,-0.04563256230426313,0.0581287528746766,-0.1271110474272961,-0.23733541051447712
D1,ema,8,30,False,2.0,74,0.27004664592861605,-0.28038738706563987,-0.014228745520571979,1.5972496788406045
D1,ema,8,30,False,3.0,74,0.2122244399612944,-0.10971890219833526,-0.014208025769325306,1.0486548171522652
D1,ema,8,30,False,4.0,74,0.16085816726099839,-0.08228917664875145,-0.004074547776360334,0.7864911128641988
D1,ema,8,30,True,2.0,84,0.30362096540046607,-0.19439213563345722,0.17842674971986003,1.4685211705527057
D1,ema,8,30,True,3.0,76,0.1923464974336718,0.12709231422200085,-0.09703950418134778,0.5991900288296991
D1,ema,8,30,True,4.0,75,-0.000936982496536018,0.09531923566650063,-0.11233948540465859,-0.0683657974272855
D1,ema,8,40,False,2.0,69,0.19875533582148386,-0.281621696539738,-0.14611557782524273,1.5166958903631382
D1,ema,8,40,False,3.0,69,0.19102948262362204,-0.09757763853665098,-0.018595243794664006,0.9855532944022365
D1,ema,8,40,False,4.0,69,0.14356713018149836,-0.07318322890248824,-0.012875050911737707,0.7391649708016774
D1,ema,8,40,True,2.0,77,0.22628802062838815,-0.16925097552346482,-0.0664470253199529,1.3914163494216407
D1,ema,8,40,True,3.0,71,0.2758477954971359,0.16360173568573638,-0.10449328566505686,0.9042334397760272
D1,ema,8,40,True,4.0,70,-0.014780248825942812,0.12270130176430223,-0.1195964411452666,-0.1561904441265503
D1,ema,8,50,False,2.0,62,0.22436089063961734,-0.4074311557793824,-0.12933908670245234,2.7743621025682565
D1,ema,8,50,False,3.0,62,0.21209764496002825,-0.19694272457156053,0.02570145326358531,1.8049518430131046
D1,ema,8,50,False,4.0,62,0.1592326126893481,-0.14770704342867036,0.02761262057849161,1.343244203772213
D1,ema,8,50,True,2.0,72,0.39927106206967217,0.08610771580587012,-0.17786553072250857,2.1860522826139133
D1,ema,8,50,True,3.0,65,0.014509180659650822,0.05521610727759525,0.1624014979018362,-0.2719939765324048
D1,ema,8,50,True,4.0,63,-0.034496189692217294,0.044036546184393004,-0.11474298117843604,-0.1697859079642747
D1,ema,8,60,False,2.0,56,0.31005845013799643,-0.32179352948855144,-0.16157841850485705,2.9602333788462056
D1,ema,8,60,False,3.0,56,0.24022203802691391,-0.20897875659931783,0.001987734917017897,1.9689993068814426
D1,ema,8,60,False,4.0,56,0.1823995277962933,-0.15673406744948837,0.009306298654140871,1.4767494801610819
D1,ema,8,60,True,2.0,66,0.09833751612877485,-0.19521530537802806,-0.28738153447410153,1.5652550756448376
D1,ema,8,60,True,3.0,58,0.18286110793327326,-0.3470798187838103,0.0716721482672732,1.8380603881956004
D1,ema,8,60,True,4.0,57,-0.03642308124684117,0.05781572121445732,-0.16435820324473854,-0.10735054687162263
D1,ema,8,80,False,2.0,43,0.9152498623703377,-0.3585429126192136,0.09255590067465465,6.692871882384255
D1,ema,8,80,False,3.0,43,0.5974215498936075,-0.2728260648121201,0.08362917359356808,4.46191458825617
D1,ema,8,80,False,4.0,43,0.44806616242020564,-0.20461954860909004,0.06272188019517601,3.3464359411921274
D1,ema,8,80,True,2.0,53,0.5710865338625963,-0.5716878784836236,0.018195768701264936,5.966896220736529
D1,ema,8,80,True,3.0,44,0.7310812286285203,-0.00277512565044443,0.08362917359356808,4.46191458825617
D1,ema,8,80,True,4.0,44,0.5426291032895721,-0.012081344237833207,0.06272188019517601,3.3464359411921274
D1,ema,8,100,False,2.0,40,0.898472369477403,-0.38896677605508423,-0.11120498303491418,7.545850010447766
D1,ema,8,100,False,3.0,40,0.5816575223380771,-0.30246250784823603,-0.06198921366451899,5.030566673631845
D1,ema,8,100,False,4.0,40,0.43668512685856103,-0.22596291067617055,-0.046491910248389265,3.772925005223883
D1,ema,8,100,True,2.0,50,0.8395022535686081,0.009087702286597568,-0.24229582937078922,6.515211140946414
D1,ema,8,100,True,3.0,41,0.7190388638788616,0.007859160406929414,-0.06198921366451899,5.030566673631845
D1,ema,8,100,True,4.0,41,0.5331815869335362,-0.00601039159956492,-0.046491910248389265,3.772925005223883
D1,ema,8,150,False,2.0,27,1.6417875605158625,-0.8938780997731126,1.6556103124855477,9.229432688625227
D1,ema,8,150,False,3.0,27,1.0512301248549203,-0.6642951881695158,1.0874682048127862,6.147072751987216
D1,ema,8,150,False,4.0,27,0.7955953809496398,-0.4988014574662351,0.8445106182402496,4.610304563990411
D1,ema,8,150,True,2.0,36,1.1651663087995277,-0.7765841271633078,1.968646093098094,6.46433075181273
D1,ema,8,150,True,3.0,30,1.2801938518886298,-0.01843319538627039,1.1511821840855683,5.110150764937751
D1,ema,8,150,True,4.0,28,0.8567614725917573,0.1224266381344217,-0.08467954023814202,3.7909464070366456
D1,ema,8,200,False,2.0,27,1.2768612863534903,-0.9395666408863573,1.6048825103918216,9.568535853245802
D1,ema,8,200,False,3.0,27,0.7771494248471161,-0.6961191817703741,0.9555242182898457,6.358067962792301
D1,ema,8,200,False,4.0,27,0.5757638895199124,-0.5416217578859155,0.7339098935479109,4.768550972094227
D1,ema,8,200,True,2.0,34,1.057308106515264,-0.6198949484885192,1.0651471539793103,7.752010041095114
D1,ema,8,200,True,3.0,30,1.0603574931762483,-0.06327871458703606,1.063291645838628,5.10134002739674
D1,ema,8,200,True,4.0,28,0.669049455537836,0.0684813796924753,-0.17844731948890225,3.7773627832804237
D1,ema,10,30,False,2.0,72,0.19778118250346538,-0.32728285476031754,-0.13643178411682005,1.6832136358729721
D1,ema,10,30,False,3.0,72,0.18023052544108398,-0.13984966842747798,-0.03988671431535841,1.1040607921846508
D1,ema,10,30,False,4.0,72,0.13583979504930918,-0.10488725132060844,-0.02738783206642786,0.828045594138488
D1,ema,10,30,True,2.0,83,0.20293064014795834,-0.2511994683746494,-0.02062041613674942,1.535406184606842
D1,ema,10,30,True,3.0,74,0.19721432006072695,0.0669233484583154,0.06811191027717033,0.6013094164594383
D1,ema,10,30,True,4.0,73,0.20771957823027976,0.04343575458697988,-0.02738783206642786,0.828045594138488
D1,ema,10,40,False,2.0,66,0.1372292148502638,-0.4048860607055039,-0.05076868879325633,1.5790881302393263
D1,ema,10,40,False,3.0,66,0.14631814086067055,-0.18892609917143433,0.04525373974574013,1.0207447395303628
D1,ema,10,40,False,4.0,66,0.11004703377809302,-0.14169457437857572,0.03513773167700779,0.765558554647772
D1,ema,10,40,True,2.0,77,0.2667555389365205,-0.062274703091786524,0.06025807410650219,1.2838825376266765
D1,ema,10,40,True,3.0,68,0.29823098290108185,0.08016171985625387,0.1577938230677067,0.924471978134604
D1,ema,10,40,True,4.0,67,-0.03617583324573294,0.060828603850226474,-0.10160445702031712,-0.17279234931415094
D1,ema,10,50,False,2.0,51,0.4053677452924724,-0.2590580042968535,-0.09630841029592842,3.69184435983348
D1,ema,10,50,False,3.0,51,0.27998195253743885,-0.18191878985453777,-0.0048432052132008074,2.4528161697719733
D1,ema,10,50,False,4.0,51,0.2124383851768446,-0.13643909239090335,0.005299593194530784,1.83961212732898
D1,ema,10,50,True,2.0,62,0.04804233940034007,0.06438864662821427,-0.2720047989139975,0.49213569445452343
D1,ema,10,50,True,3.0,53,0.463542430389736,0.11755385673254565,0.07303831807456694,2.2242885172928557
D1,ema,10,50,True,4.0,52,-0.01021469034912081,0.09685284734048934,-0.131668964552943,-0.16628121858747474
D1,ema,10,60,False,2.0,55,0.2746740702937208,-0.37523265480737417,-0.2417850716476595,3.359179406304269
D1,ema,10,60,False,3.0,55,0.19196511443978778,-0.26009170009407484,-0.10933425108258993,2.234464479370223
D1,ema,10,60,False,4.0,55,0.14624743509278698,-0.19506877507055603,-0.07418519084556492,1.675848359527667
D1,ema,10,60,True,2.0,65,0.3120652326876489,-0.13603846737676223,-0.2705925730379862,2.7320264786313064
D1,ema,10,60,True,3.0,57,0.14304729362922985,-0.38314815965607074,-0.011544411766279655,2.021599927446478
D1,ema,10,60,True,4.0,56,-0.052074208081457414,0.018952411649380104,-0.15962234781633053,-0.11093451964474402
D1,ema,10,80,False,2.0,40,0.9863030605899608,-0.35382124378387236,-0.08940317143393196,9.679686203096947
D1,ema,10,80,False,3.0,40,0.6334324851294598,-0.2908711258394329,-0.037752859400232305,6.445450269169787
D1,ema,10,80,False,4.0,40,0.4781237872868075,-0.21260893812555207,-0.0283146445501742,4.834087701877341
D1,ema,10,80,True,2.0,50,0.9322279917801317,0.04166764109359563,-0.13205969237846055,7.926276786073546
D1,ema,10,80,True,3.0,41,0.7759924002026798,0.0034445319419109085,-0.037752859400232305,6.445450269169787
D1,ema,10,80,True,4.0,41,0.5758967391764004,-0.008286166260958046,-0.0283146445501742,4.834087701877341
D1,ema,10,100,False,2.0,40,0.8682437106836263,-0.44489288675320465,-0.21621665433114895,7.7757732205075385
D1,ema,10,100,False,3.0,40,0.5263946413156344,-0.3795715478923514,-0.16296854930126367,5.1547960501150145
D1,ema,10,100,False,4.0,40,0.40371606937395593,-0.2744535735529138,-0.1113477128215042,3.8660970375862616
D1,ema,10,100,True,2.0,52,0.678763506557639,-0.2695415142069099,-0.25192992907400025,5.857016502355223
D1,ema,10,100,True,3.0,44,0.29106284700820684,-0.6848649104068131,-0.15319645716094457,4.386201229710147
D1,ema,10,100,True,4.0,41,0.49272820112078625,-0.06837419047925121,-0.1113477128215042,3.8660970375862616
D1,ema,10,150,False,2.0,26,1.5646099914430356,-1.0242310236601386,1.8130044327050487,9.033059707238142
D1,ema,10,150,False,3.0,26,0.9706524507186715,-0.7542842104420617,1.1042869840742668,5.985100994174156
D1,ema,10,150,False,4.0,26,0.7323927854349309,-0.5662932241706446,0.8487470092857969,4.488825745630618
D1,ema,10,150,True,2.0,38,0.9138354582156285,-0.8513174192420383,1.216968078159488,5.464873251280353
D1,ema,10,150,True,3.0,29,1.2042133573981937,-0.11075879542056914,1.2157334457512545,4.918447702031627
D1,ema,10,150,True,4.0,27,0.8007130699629609,0.04660132436641188,-0.1604636059397598,3.6471691098570544
D1,ema,10,200,False,2.0,26,1.1259206147305296,-1.0050005160924533,1.0868272308186575,9.185288277162492
D1,ema,10,200,False,3.0,26,0.6691312011573666,-0.74925347879722,0.6403907505237167,6.038369539595953
D1,ema,10,200,False,4.0,26,0.48825816745364514,-0.5940843203212643,0.4972150073919547,4.531368026717514
D1,ema,10,200,True,2.0,35,0.7476186010605878,-0.777485689159979,0.7697499338639944,5.7981025692573676
D1,ema,10,200,True,3.0,30,0.8495854618230652,-0.09948457608377577,0.5001242895396614,4.6355614663597695
D1,ema,10,200,True,4.0,27,0.6280865911475536,0.04413712363662567,-0.24462258709543014,3.601727843220515
D1,ema,13,30,False,2.0,58,0.3275241185911458,-0.30626974520885497,0.026128440340280074,1.9870495049848704
D1,ema,13,30,False,3.0,58,0.2641010728394999,-0.14320677972420545,0.10176180928277481,1.299242877604165
D1,ema,13,30,False,4.0,58,0.19329338930805517,-0.11113519484756042,0.073666972713513,0.965266771950345
D1,ema,13,30,True,2.0,71,0.30682193727460516,-0.1947482369721587,0.18138782917245996,1.6078163368351603
D1,ema,13,30,True,3.0,61,0.19410073939755937,0.15084790631413406,0.23860077117212822,0.23896557569394827
D1,ema,13,30,True,4.0,59,-0.0028965651874410313,0.10632715887918279,-0.09280647827729742,-0.1374280944368227
D1,ema,13,40,False,2.0,56,0.2420890583624124,-0.33104332102273165,-0.20679584605755238,2.716976286079342
D1,ema,13,40,False,3.0,56,0.16710985822801758,-0.22573940576810358,-0.07315678818940827,1.7758590697578707
D1,ema,13,40,False,4.0,56,0.12111209148104386,-0.16930455432607774,-0.07304735442192398,1.3318943023184031
D1,ema,13,40,True,2.0,68,0.399138794557699,-0.04623779363423128,0.15734662444015934,2.0328589223550773
D1,ema,13,40,True,3.0,59,0.16985617400610564,-0.011301587120249899,-0.0648927159080021,1.0285696591964326
D1,ema,13,40,True,4.0,57,0.12057494550459147,0.018455498410274197,-0.16586789504651492,0.7486999716700518
D1,ema,13,50,False,2.0,46,0.3670460560733552,-0.3545873587152291,-0.3248619010546162,4.328124166002813
D1,ema,13,50,False,3.0,46,0.24662335036586053,-0.2600318578988637,-0.1661766793538293,2.8817062964649693
D1,ema,13,50,False,4.0,46,0.17997525748637255,-0.19502389342414772,-0.14103563403316136,2.161279722348727
D1,ema,13,50,True,2.0,58,0.3378469898071276,-0.13995432425338455,-0.35546364619434884,3.3462828633584043
D1,ema,13,50,True,3.0,49,0.16187438033587417,-0.40683641266844955,-0.11787811130333499,2.5347203794234434
D1,ema,13,50,True,4.0,46,-0.05159434813376828,0.054397928706361655,-0.17536138207103014,-0.2154268847993361
D1,ema,13,60,False,2.0,38,0.6634061833970791,-0.23673616181296464,-0.1963328395846063,5.37662482635587
D1,ema,13,60,False,3.0,38,0.4191242520462744,-0.18660609972382802,-0.16265318276202284,3.59778814140291
D1,ema,13,60,False,4.0,38,0.3083783649350377,-0.13995457479287104,-0.1394255267474698,2.698341106052182
D1,ema,13,60,True,2.0,47,0.6879110322730188,0.2875745343073573,-0.3355416682826665,4.488830369795427
D1,ema,13,60,True,3.0,41,0.5616528264706003,0.14242045229039024,-0.11727603957879963,3.1173173419414293
D1,ema,13,60,True,4.0,40,0.38995046864678345,0.09431533921779274,-0.18493877566746295,2.3022737207417863
D1,ema,13,80,False,2.0,35,1.1028154506224683,-0.3245765805948097,-0.0870470618056043,9.049590889074201
D1,ema,13,80,False,3.0,35,0.6870602074348414,-0.30495363781885987,-0.05498503940015665,5.989224923068421
D1,ema,13,80,False,4.0,35,0.51306690809828,-0.23330279670089688,-0.04123877955011743,4.491918692301315
D1,ema,13,80,True,2.0,46,0.9778761620809395,0.0848788282917579,-0.10515398601761279,6.360360195283603
D1,ema,13,80,True,3.0,36,0.8312225502853816,0.0384829281740926,-0.05498503940015665,5.989224923068421
D1,ema,13,80,True,4.0,36,0.6164724682695916,0.014973307241680563,-0.04123877955011743,4.491918692301315
D1,ema,13,100,False,2.0,30,1.4765395709947229,-0.8138216191890445,1.0511789007276233,9.571344586063557
D1,ema,13,100,False,3.0,30,0.9028282435012233,-0.6578962009674107,0.6615383800132748,6.3314682200791585
D1,ema,13,100,False,4.0,30,0.6769877909553571,-0.5030402782855269,0.5128080395480334,4.748601165059369
D1,ema,13,100,True,2.0,42,1.1803896196372075,-0.25146374368553465,0.8356114525286839,5.771038018964312
D1,ema,13,100,True,3.0,34,0.7303919086983539,-0.6700791395358949,0.7044055204899236,5.2041964770861195
D1,ema,13,100,True,4.0,31,0.8855547594107174,-0.05329886114687673,0.5128080395480334,4.748601165059369
D1,ema,13,150,False,2.0,26,1.5504908737917587,-1.09127440439721,1.8494326000176706,9.11705663688757
D1,ema,13,150,False,3.0,26,0.9688007329555341,-0.7703363442628123,1.1046095557477473,6.023241377259916
D1,ema,13,150,False,4.0,26,0.7273922337839058,-0.5817554508044284,0.8418957792872157,4.517431032944936
D1,ema,13,150,True,2.0,37,0.9242306114901779,-0.8841349065793213,0.9083921387137006,6.3696909164112885
D1,ema,13,150,True,3.0,29,1.166134646781806,-0.17774853661636952,1.2430854285881072,4.8968528846036685
D1,ema,13,150,True,4.0,27,0.7947427212673697,0.03884808283260825,-0.1693461539033445,3.6485681925249875
D1,ema,13,200,False,2.0,25,1.338291589153426,-1.036816818333899,1.2303724519113912,13.465644946821465
D1,ema,13,200,False,3.0,25,0.7978864039179991,-0.7902854174684523,0.6957359237619762,8.97709663121431
D1,ema,13,200,False,4.0,25,0.5834790298558618,-0.6245948273763239,0.5367758195441725,6.7328224734107325
D1,ema,13,200,True,2.0,33,0.8947780518929764,-0.8486117247782261,0.610297536756834,13.465644946821465
D1,ema,13,200,True,3.0,29,0.6944700419330813,-0.6183945687488528,0.5424304449869719,8.97709663121431
D1,ema,13,200,True,4.0,26,0.7058531730822335,-0.0027086745870802324,-0.23044696720145716,5.001485347338619
D1,ema,15,40,False,2.0,50,0.36100287428867645,-0.310507111696042,-0.20520379610760103,3.26799913236909
D1,ema,15,40,False,3.0,50,0.23506071853936603,-0.2173338349865212,-0.11510624740993441,2.1483071692133375
D1,ema,15,40,False,4.0,50,0.17122277079255852,-0.16300037623989086,-0.10584033214193517,1.6112303769100034
D1,ema,15,40,True,2.0,61,0.5397055985670107,0.0789213670637908,0.14515170135417826,2.531823406951048
D1,ema,15,40,True,3.0,53,0.37346278949238243,0.050958898648157565,-0.10243629095466107,1.9749827855664954
D1,ema,15,40,True,4.0,51,0.15601508413324844,0.0694420830499035,-0.19807319912754806,0.8319827271879043
D1,ema,15,50,False,2.0,47,0.3998551086486762,-0.32149046334154924,-0.2901632595874994,3.8615921655314382
D1,ema,15,50,False,3.0,47,0.27620908393797144,-0.2333955292683395,-0.1270316456696093,2.574394777020959
D1,ema,15,50,False,4.0,47,0.20104699636879866,-0.17504664695125463,-0.1157852613579179,1.9307960827657191
D1,ema,15,50,True,2.0,55,0.5514797481546174,-0.02450476402373867,0.010223043821447805,3.8615921655314382
D1,ema,15,50,True,3.0,50,0.42156595252272355,0.05811559090390766,-0.08486413537708781,2.3155838103656543
D1,ema,15,50,True,4.0,48,0.3203970743645999,0.07676883850398665,-0.1540023274063515,1.709455558297745
D1,ema,15,60,False,2.0,37,0.6182651883722099,-0.2977753408732699,-0.32125300353482744,4.5810466407495705
D1,ema,15,60,False,3.0,37,0.38940334687181327,-0.250203879355425,-0.21990014478217965,3.0829570192305913
D1,ema,15,60,False,4.0,37,0.2906952619691895,-0.1876529095165687,-0.16949039793507173,2.3122177644229436
D1,ema,15,60,True,2.0,46,0.7038437341768251,0.19819020634542764,-0.318676677854249,3.5866567240165117
D1,ema,15,60,True,3.0,40,0.5392559587529797,0.0625481350995583,-0.13601172468247688,2.7439270430397187
D1,ema,15,60,True,4.0,39,0.37007246546395317,0.03441110132466887,-0.22445073923977396,2.026695282279789
D1,ema,15,80,False,2.0,33,1.1044512688783448,-0.320861017978331,-0.48472386838026404,9.44669834615998
D1,ema,15,80,False,3.0,33,0.8717968080721864,-0.37023692202218417,0.3652348371997867,6.209147826312325
D1,ema,15,80,False,4.0,33,0.6444531541091642,-0.3133325208083243,0.30084569006115586,4.656860869734244
D1,ema,15,80,True,2.0,44,0.9600434662391674,0.05030091639392046,-0.3811185809670542,6.569890296234425
D1,ema,15,80,True,3.0,37,0.8957540266817084,-0.15183792325872636,0.5022233444311606,5.109200110609163
D1,ema,15,80,True,4.0,35,0.5483420553620177,-0.3895597369301739,0.30084569006115586,4.656860869734244
D1,ema,15,100,False,2.0,28,1.7000588147639548,-0.7772048477190999,1.0795954503680825,9.753231125629078
D1,ema,15,100,False,3.0,28,1.0423068728842393,-0.6884774599726816,0.6943147791891691,6.514888773534745
D1,ema,15,100,False,4.0,28,0.7742042600817369,-0.5378350300635255,0.5307307558247446,4.886166580151058
D1,ema,15,100,True,2.0,39,1.3541098455883809,-0.1957840078102852,0.8284297680901124,5.951654585645166
D1,ema,15,100,True,3.0,32,1.1393094329992723,-0.12878292432520397,0.7286970483235758,5.3481563557655
D1,ema,15,100,True,4.0,30,0.6237289666807688,-0.6559712939221829,0.5307307558247446,4.886166580151058
D1,ema,15,150,False,2.0,26,1.4584138573366014,-1.0036604716701247,1.9450609190492398,8.260660370301615
D1,ema,15,150,False,3.0,26,0.8952656492213591,-0.7326082017833232,1.1870786067172878,5.428711653240292
D1,ema,15,150,False,4.0,26,0.6684485552075726,-0.567971087272985,0.941570177705779,4.0499615356513985
D1,ema,15,150,True,2.0,39,0.3796548939333826,-0.8320514999629205,-0.6865334828748502,4.929499153193489
D1,ema,15,150,True,3.0,30,1.0680028001585147,-0.1645248773794534,1.3730005582322107,3.799857652973269
D1,ema,15,150,True,4.0,27,0.8878828352195671,-0.12039951209770955,0.941570177705779,4.0499615356513985
D1,ema,15,200,False,2.0,22,1.7070443668061677,-1.111331897143098,1.2883522212747835,13.957497762176459
D1,ema,15,200,False,3.0,22,1.0312902877559902,-0.844994643899672,0.7339147914963808,9.230306172317729
D1,ema,15,200,False,4.0,22,0.7690918176225119,-0.6644401518383042,0.589301846005718,6.922729629238295
D1,ema,15,200,True,2.0,29,1.210124813138968,-0.8460681947109945,0.8595543537654926,10.223680378129139
D1,ema,15,200,True,3.0,26,0.86851026920862,-0.7170650415514357,0.6262942938025707,6.902455807680913
D1,ema,15,200,True,4.0,23,0.890719084273777,0.10443493525395649,-0.17486395825619178,5.114341855760684
D1,ema,20,50,False,2.0,39,0.5914681315771209,-0.25077090600003504,-0.3056557570283275,4.55931412699046
D1,ema,20,50,False,3.0,39,0.3757980438682038,-0.23158402956756668,-0.17891646971868222,3.0395427513269735
D1,ema,20,50,False,4.0,39,0.26424051687405037,-0.18248515426844228,-0.16999811092100842,2.27965706349523
D1,ema,20,50,True,2.0,49,0.6691872319123127,0.3023687668735928,-0.3722463221596665,4.151342701689744
D1,ema,20,50,True,3.0,43,0.564988444895944,0.2667232847684285,-0.16150649782151508,2.726358085633711
D1,ema,20,50,True,4.0,41,0.3542652023462127,0.0745991020748584,-0.1950706036636662,2.013518564225283
D1,ema,20,60,False,2.0,30,1.2898766848660974,-0.19150733067148984,-0.4637187373244988,11.66745415415619
D1,ema,20,60,False,3.0,30,0.760142202097078,-0.2597242981789478,-0.3808185031594139,7.722283517587527
D1,ema,20,60,False,4.0,30,0.5629319038002827,-0.22524665508281438,-0.26365396477380765,5.791712638190645
D1,ema,20,60,True,2.0,39,1.3009469398087823,0.5137964768190547,-0.4546270442125468,9.365155947027413
D1,ema,20,60,True,3.0,34,0.8183748552319958,0.057884581503186254,-0.3183772849366356,6.132246922314664
D1,ema,20,60,True,4.0,31,0.0007582636351814058,0.07209219615164247,-0.15295758132655737,0.13814110721411885
D1,ema,20,80,False,2.0,28,1.4228973238276228,-0.31269196284908074,-0.4794217633423463,12.211575094997691
D1,ema,20,80,False,3.0,28,1.107981583468437,-0.3724892679993767,0.5293057028663952,7.961768007827333
D1,ema,20,80,False,4.0,28,0.803268887271653,-0.3113784862609367,0.3803945753736261,5.934663739789425
D1,ema,20,80,True,2.0,39,0.9592658238666457,-0.19147149079295772,-0.4712967917031445,7.847971656314839
D1,ema,20,80,True,3.0,31,1.1923518666982558,-0.05240306954623133,0.7168528027738874,6.280416964993376
D1,ema,20,80,True,4.0,31,0.6119107392142966,-0.5162088007147295,0.509861824302638,4.631205221813972
D1,ema,20,100,False,2.0,23,2.0200345006092806,-0.9069091563564399,1.1387842546971778,11.831630049089217
D1,ema,20,100,False,3.0,23,1.2087098011456985,-0.7856794698678203,0.6573088320136128,7.796082234697046
D1,ema,20,100,False,4.0,23,0.8792315311534459,-0.6399357544894566,0.5198339681554394,5.77573669266744
D1,ema,20,100,True,2.0,33,1.3377453974187692,-0.8198278486377668,0.9682142170378227,7.768747884267931
D1,ema,20,100,True,3.0,27,1.3571794041281886,-0.05973985169821832,0.8689017270130875,5.0782080279055375
D1,ema,20,100,True,4.0,26,0.7023181091234358,-0.6953344160891486,0.5198339681554394,4.628189300224949
D1,ema,20,150,False,2.0,22,1.8608166734266385,-0.9990437839613276,2.3789271562852887,8.206371288299106
D1,ema,20,150,False,3.0,22,1.0918749748187502,-0.860220444788861,1.4588783468028308,5.4099006098929365
D1,ema,20,150,False,4.0,22,0.7826124484706992,-0.6691134211160709,1.0490015132142188,4.000365470735427
D1,ema,20,150,True,2.0,33,0.5601767682851657,-0.9152239688047243,-0.609289570885902,4.941353273251955
D1,ema,20,150,True,3.0,28,1.0886746126866877,-0.19040401956800987,1.134569271314264,3.7902191172659743
D1,ema,20,150,True,4.0,25,0.9504989139709585,-0.1087401286378038,1.0490015132142188,3.339971180688687
D1,ema,20,200,False,2.0,22,1.5534912058262516,-1.1616540551581636,1.4444324501892372,9.862515122235019
D1,ema,20,200,False,3.0,22,0.9135385770408138,-0.8913191209014366,0.7840974075875123,6.522273425047517
D1,ema,20,200,False,4.0,22,0.6594973557180452,-0.7236128052737058,0.6042458689898197,4.891705068785637
D1,ema,20,200,True,2.0,31,1.034768011155659,-0.8623462402733718,0.8528561008957538,8.155438372716016
D1,ema,20,200,True,3.0,26,1.1397201685433203,-0.08560767774034238,0.598435766041705,5.3284363016398375
D1,ema,20,200,True,4.0,23,0.9960282774761022,-0.021818854394701,0.6042458689898197,4.891705068785637
D1,turtle,20,10,False,2.0,64,0.2415228968536468,-0.04635177570636643,0.47623428768690435,0.4585470495815908
D1,turtle,20,10,False,3.0,62,0.140129521314999,-0.08103934979436454,0.329428812934373,0.3178360736964427
D1,turtle,20,10,True,2.0,121,0.04874937627539492,0.01748649166595039,0.02052298252516735,0.1202028053794146
D1,turtle,20,10,True,3.0,115,0.0390153154837909,-0.007189808139917098,0.04342989979750976,0.11394585277988054
D1,turtle,40,20,False,2.0,36,0.5996078916150505,-0.2950648806761845,0.45246809392388493,2.0213372130587097
D1,turtle,40,20,False,3.0,34,0.40888482951951904,-0.20275722557961215,0.2912404223597713,1.283592869140025
D1,turtle,40,20,True,2.0,70,0.23549736749512504,-0.1667603784321722,0.18451634195198358,1.0853293264991786
D1,turtle,40,20,True,3.0,65,0.15607689246085588,-0.10957935305542943,0.15414766518904008,0.629962351660765
D1,turtle,55,20,False,2.0,33,0.6297183298368156,-0.3322300678378936,0.5491957193298942,2.137059014754417
D1,turtle,55,20,False,3.0,32,0.3689991852288991,-0.3168554164513348,0.3230970295030968,1.3659173521618684
D1,turtle,55,20,True,2.0,64,0.23937293393820136,-0.1306049269390591,0.2260581219903439,0.9685303913628835
D1,turtle,55,20,True,3.0,61,0.10072623690579345,-0.17929467187376938,0.09619365528600066,0.6472327565835151
D1,turtle,100,50,False,2.0,22,1.451872981169999,-0.9244515204722211,-0.24285407589750221,10.952537710554232
D1,turtle,100,50,False,3.0,18,1.119540240353004,-0.8632960459206684,-0.31789306388839705,7.24136276926245
D1,turtle,100,50,True,2.0,38,0.7857223240707704,-0.4994861581034647,-0.09727423929230494,4.480047523508683
D1,turtle,100,50,True,3.0,32,0.5424277248257712,-0.4644362625564682,-0.2214024215846041,3.289606615879142
