n,per_yr,meanR,sqn,win,dd,h1R,h2R,sym,tf,fam,bars,cost_R
4540,1136.1,-0.32,-2.69,0.23,1454.0,-0.36,-0.281,EURUSD,M15,ema_cross(def),99000,0.00022
4938,1235.7,-0.261,-2.48,0.29,1290.6,-0.278,-0.244,EURUSD,M15,donchian(def),99000,0.00022
511,127.9,-0.285,-3.02,0.38,145.5,-0.337,-0.234,EURUSD,M15,rsi_rev(def),99000,0.00022
2032,508.5,-0.28,-1.68,0.21,580.6,-0.262,-0.299,EURUSD,M15,turtle55/20,99000,0.00022
449,112.4,-0.14,-0.61,0.19,70.5,-0.182,-0.095,EURUSD,M15,ema50/200,99000,0.00022
4593,1149.4,-0.128,-2.87,0.44,587.0,-0.137,-0.118,EURUSD,M15,connorsRSI2,99000,0.00022
1672,418.4,-0.266,-2.31,0.3,450.0,-0.318,-0.211,EURUSD,M15,pullback,99000,0.00022
897,224.5,-0.048,-0.45,0.42,62.0,-0.052,-0.044,EURUSD,M15,london_brk,99000,0.00022
4689,1173.6,-0.314,-2.66,0.22,1472.6,-0.311,-0.317,GBPUSD,M15,ema_cross(def),99000,0.00025
4907,1228.2,-0.243,-2.28,0.29,1194.1,-0.239,-0.247,GBPUSD,M15,donchian(def),99000,0.00025
469,117.4,-0.17,-1.68,0.42,89.2,-0.156,-0.185,GBPUSD,M15,rsi_rev(def),99000,0.00025
2005,501.8,-0.246,-1.44,0.21,505.5,-0.249,-0.242,GBPUSD,M15,turtle55/20,99000,0.00025
467,116.9,-0.193,-0.95,0.19,115.0,-0.168,-0.217,GBPUSD,M15,ema50/200,99000,0.00025
4507,1128.1,-0.108,-2.42,0.47,488.9,-0.105,-0.11,GBPUSD,M15,connorsRSI2,99000,0.00025
1629,407.7,-0.215,-1.84,0.32,357.6,-0.235,-0.193,GBPUSD,M15,pullback,99000,0.00025
932,233.3,-0.053,-0.5,0.41,66.6,-0.068,-0.036,GBPUSD,M15,london_brk,99000,0.00025
4547,1138.1,-0.285,-2.35,0.23,1310.9,-0.282,-0.289,USDJPY,M15,ema_cross(def),99000,0.033
4872,1219.4,-0.216,-2.0,0.3,1056.6,-0.224,-0.208,USDJPY,M15,donchian(def),99000,0.033
528,132.2,-0.275,-2.82,0.37,145.9,-0.272,-0.278,USDJPY,M15,rsi_rev(def),99000,0.033
1821,455.8,-0.113,-0.55,0.22,248.1,-0.102,-0.124,USDJPY,M15,turtle55/20,99000,0.033
434,108.6,0.026,0.1,0.22,26.0,-0.024,0.077,USDJPY,M15,ema50/200,99000,0.033
4615,1155.1,-0.1,-2.18,0.48,462.6,-0.112,-0.087,USDJPY,M15,connorsRSI2,99000,0.033
1571,393.2,-0.223,-1.92,0.31,356.6,-0.229,-0.217,USDJPY,M15,pullback,99000,0.033
655,163.9,-0.009,-0.1,0.47,22.5,-0.017,-0.002,USDJPY,M15,london_brk,99000,0.033
4593,1149.6,-0.408,-3.5,0.2,1879.0,-0.383,-0.432,AUDUSD,M15,ema_cross(def),99000,0.00025
4875,1220.2,-0.337,-3.27,0.26,1649.5,-0.306,-0.369,AUDUSD,M15,donchian(def),99000,0.00025
513,128.4,-0.233,-2.39,0.4,125.8,-0.271,-0.195,AUDUSD,M15,rsi_rev(def),99000,0.00025
1943,486.3,-0.352,-2.15,0.19,686.9,-0.332,-0.372,AUDUSD,M15,turtle55/20,99000,0.00025
487,121.9,-0.281,-1.38,0.17,145.4,-0.331,-0.234,AUDUSD,M15,ema50/200,99000,0.00025
4547,1138.1,-0.155,-3.42,0.41,704.7,-0.141,-0.168,AUDUSD,M15,connorsRSI2,99000,0.00025
1661,415.7,-0.332,-2.93,0.27,554.3,-0.316,-0.349,AUDUSD,M15,pullback,99000,0.00025
662,165.7,-0.096,-1.07,0.42,75.8,-0.106,-0.085,AUDUSD,M15,london_brk,99000,0.00025
4771,1194.1,-0.431,-3.86,0.19,2056.5,-0.425,-0.437,USDCAD,M15,ema_cross(def),99000,0.0003
5020,1256.4,-0.343,-3.36,0.26,1730.5,-0.322,-0.365,USDCAD,M15,donchian(def),99000,0.0003
516,129.1,-0.309,-3.23,0.35,159.4,-0.298,-0.32,USDCAD,M15,rsi_rev(def),99000,0.0003
2116,529.6,-0.359,-2.24,0.18,767.0,-0.338,-0.38,USDCAD,M15,turtle55/20,99000,0.0003
428,107.1,-0.089,-0.38,0.19,68.4,-0.23,0.085,USDCAD,M15,ema50/200,99000,0.0003
4650,1163.8,-0.155,-3.56,0.41,724.4,-0.15,-0.161,USDCAD,M15,connorsRSI2,99000,0.0003
1583,396.2,-0.233,-2.0,0.31,374.8,-0.262,-0.203,USDCAD,M15,pullback,99000,0.0003
819,205.0,-0.155,-1.46,0.38,135.4,-0.197,-0.112,USDCAD,M15,london_brk,99000,0.0003
4725,1182.6,-0.456,-4.1,0.18,2152.8,-0.449,-0.463,USDCHF,M15,ema_cross(def),99000,0.00028
4993,1249.7,-0.371,-3.63,0.25,1851.1,-0.37,-0.371,USDCHF,M15,donchian(def),99000,0.00028
476,119.1,-0.375,-4.09,0.33,182.5,-0.345,-0.408,USDCHF,M15,rsi_rev(def),99000,0.00028
2028,507.6,-0.37,-2.22,0.17,754.8,-0.368,-0.372,USDCHF,M15,turtle55/20,99000,0.00028
485,121.4,-0.219,-1.04,0.18,122.3,-0.296,-0.144,USDCHF,M15,ema50/200,99000,0.00028
4617,1155.6,-0.169,-3.74,0.38,785.1,-0.159,-0.179,USDCHF,M15,connorsRSI2,99000,0.00028
1616,404.5,-0.354,-3.21,0.26,573.5,-0.363,-0.345,USDCHF,M15,pullback,99000,0.00028
915,229.0,-0.136,-1.31,0.38,128.6,-0.187,-0.083,USDCHF,M15,london_brk,99000,0.00028
4554,1139.6,-0.462,-4.03,0.19,2111.2,-0.453,-0.471,NZDUSD,M15,ema_cross(def),99000,0.00028
4922,1231.7,-0.37,-3.61,0.24,1825.6,-0.366,-0.375,NZDUSD,M15,donchian(def),99000,0.00028
474,118.6,-0.366,-3.96,0.34,181.6,-0.248,-0.506,NZDUSD,M15,rsi_rev(def),99000,0.00028
1971,493.2,-0.372,-2.26,0.18,733.7,-0.382,-0.363,NZDUSD,M15,turtle55/20,99000,0.00028
470,117.6,-0.166,-0.71,0.17,100.3,-0.323,0.003,NZDUSD,M15,ema50/200,99000,0.00028
4670,1168.6,-0.199,-4.37,0.37,931.3,-0.187,-0.21,NZDUSD,M15,connorsRSI2,99000,0.00028
1731,433.2,-0.364,-3.28,0.26,632.0,-0.358,-0.37,NZDUSD,M15,pullback,99000,0.00028
709,177.4,-0.133,-1.52,0.41,106.3,-0.18,-0.084,NZDUSD,M15,london_brk,99000,0.00028
4586,1147.8,-0.268,-2.2,0.24,1236.5,-0.257,-0.278,EURJPY,M15,ema_cross(def),99000,0.034
4755,1190.1,-0.201,-1.86,0.31,956.0,-0.184,-0.217,EURJPY,M15,donchian(def),99000,0.034
491,122.9,-0.291,-2.62,0.37,144.3,-0.29,-0.291,EURJPY,M15,rsi_rev(def),99000,0.034
1769,442.8,-0.138,-0.68,0.24,280.8,-0.094,-0.182,EURJPY,M15,turtle55/20,99000,0.034
423,105.9,-0.055,-0.21,0.21,59.8,-0.059,-0.051,EURJPY,M15,ema50/200,99000,0.034
4549,1138.6,-0.091,-1.95,0.5,413.4,-0.098,-0.084,EURJPY,M15,connorsRSI2,99000,0.034
1457,364.7,-0.187,-1.6,0.33,281.5,-0.167,-0.208,EURJPY,M15,pullback,99000,0.034
782,195.7,-0.003,-0.03,0.49,33.0,0.02,-0.027,EURJPY,M15,london_brk,99000,0.034
4629,1158.5,-0.254,-2.09,0.24,1180.6,-0.249,-0.258,GBPJPY,M15,ema_cross(def),99000,0.035
4732,1184.3,-0.178,-1.64,0.31,847.1,-0.146,-0.21,GBPJPY,M15,donchian(def),99000,0.035
468,117.1,-0.1,-0.97,0.45,60.0,-0.095,-0.104,GBPJPY,M15,rsi_rev(def),99000,0.035
1748,437.5,-0.136,-0.66,0.23,270.9,-0.066,-0.201,GBPJPY,M15,turtle55/20,99000,0.035
472,118.1,-0.066,-0.24,0.2,91.8,0.054,-0.159,GBPJPY,M15,ema50/200,99000,0.035
4427,1108.0,-0.07,-1.53,0.53,312.4,-0.061,-0.08,GBPJPY,M15,connorsRSI2,99000,0.035
1444,361.4,-0.15,-1.25,0.34,221.6,-0.139,-0.161,GBPJPY,M15,pullback,99000,0.035
829,207.5,-0.048,-0.51,0.45,54.2,-0.044,-0.052,GBPJPY,M15,london_brk,99000,0.035
4981,1246.7,-0.635,-6.71,0.13,3164.5,-0.602,-0.667,EURGBP,M15,ema_cross(def),99000,0.00023
5007,1253.2,-0.513,-5.5,0.19,2569.8,-0.503,-0.524,EURGBP,M15,donchian(def),99000,0.00023
455,113.9,-0.502,-6.01,0.28,230.9,-0.536,-0.471,EURGBP,M15,rsi_rev(def),99000,0.00023
2111,528.4,-0.526,-3.66,0.14,1114.5,-0.521,-0.531,EURGBP,M15,turtle55/20,99000,0.00023
501,125.4,-0.343,-1.95,0.17,192.7,-0.186,-0.468,EURGBP,M15,ema50/200,99000,0.00023
4496,1125.3,-0.232,-5.28,0.29,1046.1,-0.215,-0.25,EURGBP,M15,connorsRSI2,99000,0.00023
1623,406.2,-0.444,-4.18,0.23,720.5,-0.429,-0.459,EURGBP,M15,pullback,99000,0.00023
1010,252.8,-0.293,-2.92,0.31,299.6,-0.246,-0.341,EURGBP,M15,london_brk,99000,0.00023
4468,1064.8,-0.125,-0.98,0.28,577.4,-0.193,-0.055,GOLD,M15,ema_cross(def),99000,0.55
4881,1163.2,-0.093,-0.84,0.35,455.5,-0.14,-0.046,GOLD,M15,donchian(def),99000,0.55
461,109.9,-0.175,-1.76,0.42,85.6,-0.195,-0.153,GOLD,M15,rsi_rev(def),99000,0.55
1728,411.8,-0.048,-0.24,0.25,129.1,-0.111,0.02,GOLD,M15,turtle55/20,99000,0.55
461,109.9,0.031,0.11,0.2,51.1,-0.063,0.133,GOLD,M15,ema50/200,99000,0.55
4473,1066.0,-0.064,-1.43,0.56,285.3,-0.09,-0.037,GOLD,M15,connorsRSI2,99000,0.55
2465,587.5,-0.051,-1.13,0.58,132.9,-0.082,-0.021,GOLD,M15,connorsRSI2_long,99000,0.55
1470,350.3,-0.096,-0.8,0.36,169.3,-0.127,-0.061,GOLD,M15,pullback,99000,0.55
708,168.7,-0.061,-0.62,0.43,70.2,-0.089,-0.024,GOLD,M15,london_brk,99000,0.55
4468,1064.8,-0.763,-8.06,0.11,3409.5,-1.049,-0.476,SILVER,M15,ema_cross(def),99000,0.072
6234,1485.6,-0.654,-7.45,0.15,4081.2,-0.851,-0.372,SILVER,M15,donchian(def),99000,0.072
497,118.4,-0.697,-8.57,0.21,346.6,-0.904,-0.47,SILVER,M15,rsi_rev(def),99000,0.072
2659,633.7,-0.618,-4.27,0.1,1650.0,-0.779,-0.355,SILVER,M15,turtle55/20,99000,0.072
472,112.5,-0.188,-0.77,0.15,131.0,-0.312,-0.063,SILVER,M15,ema50/200,99000,0.072
5092,1213.5,-0.396,-8.37,0.2,2017.4,-0.544,-0.216,SILVER,M15,connorsRSI2,99000,0.072
1839,438.3,-0.604,-6.34,0.17,1110.6,-0.755,-0.41,SILVER,M15,pullback,99000,0.072
680,162.1,-0.294,-3.11,0.3,204.0,-0.436,-0.133,SILVER,M15,london_brk,99000,0.072
4420,1046.2,-0.257,-2.07,0.25,1182.1,-0.259,-0.256,OILCash,M15,ema_cross(def),99000,0.05
5114,1210.4,-0.205,-1.86,0.31,1056.2,-0.209,-0.2,OILCash,M15,donchian(def),99000,0.05
498,117.9,-0.234,-2.31,0.4,125.8,-0.154,-0.319,OILCash,M15,rsi_rev(def),99000,0.05
2013,476.5,-0.163,-0.81,0.23,341.2,-0.178,-0.148,OILCash,M15,turtle55/20,99000,0.05
430,101.8,-0.069,-0.25,0.18,87.0,-0.041,-0.097,OILCash,M15,ema50/200,99000,0.05
4646,1099.7,-0.122,-2.68,0.44,570.2,-0.122,-0.122,OILCash,M15,connorsRSI2,99000,0.05
2483,587.7,-0.13,-2.8,0.43,324.2,-0.127,-0.133,OILCash,M15,connorsRSI2_long,99000,0.05
1623,384.1,-0.186,-1.55,0.33,315.1,-0.14,-0.233,OILCash,M15,pullback,99000,0.05
1106,261.8,-0.125,-1.1,0.38,153.5,-0.183,-0.061,OILCash,M15,london_brk,99000,0.05
4388,1014.3,-0.087,-0.68,0.29,402.6,-0.108,-0.066,GER40Cash,M15,ema_cross(def),99000,2.6
5107,1180.5,-0.055,-0.49,0.37,301.8,-0.067,-0.043,GER40Cash,M15,donchian(def),99000,2.6
489,113.0,-0.088,-0.85,0.45,63.2,-0.214,0.065,GER40Cash,M15,rsi_rev(def),99000,2.6
1808,417.9,0.042,0.18,0.26,68.6,0.014,0.072,GER40Cash,M15,turtle55/20,99000,2.6
431,99.6,0.133,0.42,0.22,37.8,0.195,0.069,GER40Cash,M15,ema50/200,99000,2.6
4473,1034.0,-0.034,-0.72,0.59,166.0,-0.052,-0.015,GER40Cash,M15,connorsRSI2,99000,2.6
2504,578.8,-0.042,-0.87,0.6,106.4,-0.074,-0.011,GER40Cash,M15,connorsRSI2_long,99000,2.6
1439,332.6,-0.091,-0.75,0.36,141.3,-0.091,-0.091,GER40Cash,M15,pullback,99000,2.6
1137,262.8,0.036,0.33,0.45,22.4,0.038,0.034,GER40Cash,M15,london_brk,99000,2.6
4351,1034.3,-0.065,-0.51,0.3,304.9,-0.087,-0.043,US100Cash,M15,ema_cross(def),99000,2.9
5226,1242.4,-0.052,-0.46,0.37,287.5,-0.071,-0.032,US100Cash,M15,donchian(def),99000,2.9
447,106.3,-0.105,-1.01,0.43,49.4,-0.033,-0.183,US100Cash,M15,rsi_rev(def),99000,2.9
1969,468.1,-0.003,-0.01,0.25,80.5,0.007,-0.015,US100Cash,M15,turtle55/20,99000,2.9
417,99.1,-0.055,-0.25,0.21,64.8,0.13,-0.214,US100Cash,M15,ema50/200,99000,2.9
4507,1071.4,-0.036,-0.77,0.59,162.6,-0.042,-0.029,US100Cash,M15,connorsRSI2,99000,2.9
2578,612.9,-0.039,-0.8,0.61,106.4,-0.053,-0.026,US100Cash,M15,connorsRSI2_long,99000,2.9
1527,363.0,-0.073,-0.6,0.37,125.9,-0.084,-0.062,US100Cash,M15,pullback,99000,2.9
908,215.9,-0.062,-0.53,0.39,71.8,-0.041,-0.086,US100Cash,M15,london_brk,99000,2.9
4440,1055.5,-0.171,-1.4,0.27,768.5,-0.158,-0.185,US30Cash,M15,ema_cross(def),99000,6.0
5250,1248.1,-0.099,-0.89,0.35,534.2,-0.114,-0.083,US30Cash,M15,donchian(def),99000,6.0
476,113.2,-0.157,-1.51,0.41,87.7,-0.082,-0.235,US30Cash,M15,rsi_rev(def),99000,6.0
1996,474.5,-0.068,-0.31,0.23,194.0,-0.157,0.026,US30Cash,M15,turtle55/20,99000,6.0
429,102.0,-0.177,-0.83,0.19,90.7,-0.208,-0.147,US30Cash,M15,ema50/200,99000,6.0
4588,1090.7,-0.061,-1.31,0.56,287.9,-0.07,-0.052,US30Cash,M15,connorsRSI2,99000,6.0
2507,596.0,-0.064,-1.34,0.56,163.1,-0.081,-0.048,US30Cash,M15,connorsRSI2_long,99000,6.0
1528,363.2,-0.103,-0.85,0.36,157.4,-0.076,-0.13,US30Cash,M15,pullback,99000,6.0
1001,238.0,-0.086,-0.73,0.38,108.0,-0.148,-0.015,US30Cash,M15,london_brk,99000,6.0
4412,1048.9,-0.117,-0.93,0.29,534.4,-0.159,-0.073,US500Cash,M15,ema_cross(def),99000,0.8
5195,1235.0,-0.103,-0.93,0.35,553.4,-0.11,-0.095,US500Cash,M15,donchian(def),99000,0.8
448,106.5,-0.067,-0.64,0.45,31.9,-0.033,-0.105,US500Cash,M15,rsi_rev(def),99000,0.8
1965,467.1,-0.053,-0.25,0.24,154.3,-0.049,-0.058,US500Cash,M15,turtle55/20,99000,0.8
418,99.4,0.062,0.26,0.23,26.0,0.136,-0.011,US500Cash,M15,ema50/200,99000,0.8
4536,1078.3,-0.05,-1.09,0.56,226.9,-0.05,-0.049,US500Cash,M15,connorsRSI2,99000,0.8
2589,615.5,-0.052,-1.12,0.58,141.6,-0.054,-0.051,US500Cash,M15,connorsRSI2_long,99000,0.8
1546,367.5,-0.087,-0.72,0.37,154.3,-0.143,-0.032,US500Cash,M15,pullback,99000,0.8
942,223.9,-0.075,-0.64,0.38,103.9,-0.069,-0.081,US500Cash,M15,london_brk,99000,0.8
4776,1100.7,-0.259,-2.14,0.24,1239.8,-0.236,-0.28,UK100Cash,M15,ema_cross(def),99000,2.4
5071,1168.6,-0.192,-1.78,0.31,976.2,-0.168,-0.217,UK100Cash,M15,donchian(def),99000,2.4
501,115.5,-0.24,-2.35,0.37,133.0,-0.311,-0.166,UK100Cash,M15,rsi_rev(def),99000,2.4
1941,447.3,-0.251,-1.27,0.2,496.6,-0.21,-0.29,UK100Cash,M15,turtle55/20,99000,2.4
513,118.2,-0.199,-0.83,0.16,120.5,-0.104,-0.299,UK100Cash,M15,ema50/200,99000,2.4
4440,1023.2,-0.111,-2.33,0.48,498.3,-0.121,-0.102,UK100Cash,M15,connorsRSI2,99000,2.4
2453,565.3,-0.101,-2.05,0.49,250.4,-0.104,-0.098,UK100Cash,M15,connorsRSI2_long,99000,2.4
1494,344.3,-0.186,-1.58,0.33,277.3,-0.239,-0.137,UK100Cash,M15,pullback,99000,2.4
1092,251.7,-0.146,-1.42,0.38,172.5,-0.159,-0.132,UK100Cash,M15,london_brk,99000,2.4
4364,1037.5,-0.082,-0.63,0.29,387.5,-0.102,-0.064,JP225Cash,M15,ema_cross(def),99000,8.0
5105,1213.7,-0.067,-0.59,0.36,366.3,-0.084,-0.05,JP225Cash,M15,donchian(def),99000,8.0
472,112.2,-0.089,-0.81,0.46,44.8,-0.094,-0.084,JP225Cash,M15,rsi_rev(def),99000,8.0
1803,428.7,-0.071,-0.34,0.25,164.3,-0.094,-0.048,JP225Cash,M15,turtle55/20,99000,8.0
439,104.4,0.122,0.4,0.21,32.0,0.155,0.091,JP225Cash,M15,ema50/200,99000,8.0
4454,1058.9,-0.056,-1.2,0.55,253.9,-0.075,-0.037,JP225Cash,M15,connorsRSI2,99000,8.0
2418,574.9,-0.062,-1.27,0.55,154.0,-0.087,-0.038,JP225Cash,M15,connorsRSI2_long,99000,8.0
1443,343.1,-0.069,-0.57,0.37,125.4,-0.047,-0.092,JP225Cash,M15,pullback,99000,8.0
534,127.0,0.013,0.16,0.48,11.4,0.042,-0.014,JP225Cash,M15,london_brk,99000,8.0
4635,1636.0,-0.106,-0.84,0.28,505.7,-0.092,-0.121,BTCUSD,M15,ema_cross(def),99000,40.0
4881,1722.8,-0.107,-0.97,0.34,532.4,-0.085,-0.129,BTCUSD,M15,donchian(def),99000,40.0
354,125.0,-0.124,-1.19,0.42,49.3,-0.055,-0.19,BTCUSD,M15,rsi_rev(def),99000,40.0
1712,604.3,0.008,0.03,0.23,97.8,0.066,-0.048,BTCUSD,M15,turtle55/20,99000,40.0
454,160.2,0.141,0.37,0.18,69.1,0.194,0.086,BTCUSD,M15,ema50/200,99000,40.0
4383,1547.1,-0.042,-1.0,0.58,186.2,-0.044,-0.04,BTCUSD,M15,connorsRSI2,99000,40.0
1271,448.6,-0.075,-0.62,0.37,102.5,-0.1,-0.05,BTCUSD,M15,pullback,99000,40.0
591,208.6,-0.027,-0.28,0.43,42.1,0.037,-0.09,BTCUSD,M15,london_brk,99000,40.0
4513,1592.9,-0.181,-1.45,0.26,818.7,-0.12,-0.241,ETHUSD,M15,ema_cross(def),99000,3.0
4653,1642.4,-0.119,-1.08,0.33,560.5,-0.09,-0.15,ETHUSD,M15,donchian(def),99000,3.0
345,121.8,-0.335,-3.56,0.34,119.2,-0.274,-0.394,ETHUSD,M15,rsi_rev(def),99000,3.0
1673,590.5,-0.05,-0.2,0.21,111.5,0.003,-0.105,ETHUSD,M15,turtle55/20,99000,3.0
462,163.1,0.144,0.4,0.2,39.0,0.213,0.08,ETHUSD,M15,ema50/200,99000,3.0
4307,1520.2,-0.096,-2.36,0.51,417.3,-0.09,-0.103,ETHUSD,M15,connorsRSI2,99000,3.0
1328,468.7,-0.147,-1.24,0.34,195.1,-0.179,-0.113,ETHUSD,M15,pullback,99000,3.0
608,214.6,-0.047,-0.49,0.43,36.2,-0.022,-0.072,ETHUSD,M15,london_brk,99000,3.0
